Country;TotalCases;NewCases;TotalDeaths;NewDeaths;TotalRecovered;ActiveCases;last_updated
AC;NA;NA;NA;NA;NA;NA;2020-01-30
AC;NA;NA;NA;NA;NA;NA;2020-01-31
AC;NA;NA;NA;NA;NA;NA;2020-02-01
AC;NA;NA;NA;NA;NA;NA;2020-02-02
AC;NA;NA;NA;NA;NA;NA;2020-02-03
AC;NA;NA;NA;NA;NA;NA;2020-02-04
AC;NA;NA;NA;NA;NA;NA;2020-02-05
AC;NA;NA;NA;NA;NA;NA;2020-02-06
AC;NA;NA;NA;NA;NA;NA;2020-02-07
AC;NA;NA;NA;NA;NA;NA;2020-02-08
AC;NA;NA;NA;NA;NA;NA;2020-02-09
AC;NA;NA;NA;NA;NA;NA;2020-02-10
AC;NA;NA;NA;NA;NA;NA;2020-02-11
AC;NA;NA;NA;NA;NA;NA;2020-02-12
AC;NA;NA;NA;NA;NA;NA;2020-02-13
AC;NA;NA;NA;NA;NA;NA;2020-02-14
AC;NA;NA;NA;NA;NA;NA;2020-02-15
AC;NA;NA;NA;NA;NA;NA;2020-02-16
AC;NA;NA;NA;NA;NA;NA;2020-02-17
AC;NA;NA;NA;NA;NA;NA;2020-02-18
AC;NA;NA;NA;NA;NA;NA;2020-02-19
AC;NA;NA;NA;NA;NA;NA;2020-02-20
AC;NA;NA;NA;NA;NA;NA;2020-02-21
AC;NA;NA;NA;NA;NA;NA;2020-02-22
AC;NA;NA;NA;NA;NA;NA;2020-02-23
AC;NA;NA;NA;NA;NA;NA;2020-02-24
AC;NA;NA;NA;NA;NA;NA;2020-02-25
AC;NA;NA;NA;NA;NA;NA;2020-02-26
AC;NA;NA;NA;NA;NA;NA;2020-02-27
AC;NA;NA;NA;NA;NA;NA;2020-02-28
AC;NA;NA;NA;NA;NA;NA;2020-02-29
AC;NA;NA;NA;NA;NA;NA;2020-03-01
AC;NA;NA;NA;NA;NA;NA;2020-03-02
AC;NA;NA;NA;NA;NA;NA;2020-03-03
AC;NA;NA;NA;NA;NA;NA;2020-03-04
AC;NA;NA;NA;NA;NA;NA;2020-03-05
AC;NA;NA;NA;NA;NA;NA;2020-03-06
AC;NA;NA;NA;NA;NA;NA;2020-03-07
AC;NA;NA;NA;NA;NA;NA;2020-03-08
AC;NA;NA;NA;NA;NA;NA;2020-03-09
AC;NA;NA;NA;NA;NA;NA;2020-03-10
AC;NA;NA;NA;NA;NA;NA;2020-03-11
AC;NA;NA;NA;NA;NA;NA;2020-03-12
AC;NA;NA;NA;NA;NA;NA;2020-03-13
AC;NA;NA;NA;NA;NA;NA;2020-03-14
AC;NA;NA;NA;NA;NA;NA;2020-03-15
AC;NA;NA;NA;NA;NA;NA;2020-03-16
AC;NA;NA;NA;NA;NA;NA;2020-03-17
AC;NA;NA;NA;NA;NA;NA;2020-03-18
AC;3;3;NA;NA;NA;NA;2020-03-19
AC;7;4;NA;NA;NA;NA;2020-03-20
AC;9;2;NA;NA;NA;NA;2020-03-21
AC;11;2;NA;NA;NA;NA;2020-03-22
AC;11;NA;NA;NA;NA;NA;2020-03-23
AC;17;6;NA;NA;NA;NA;2020-03-24
AC;23;6;NA;NA;NA;NA;2020-03-25
AC;24;1;NA;NA;NA;NA;2020-03-26
AC;25;1;NA;NA;NA;NA;2020-03-27
AC;25;NA;NA;NA;NA;NA;2020-03-28
AC;34;9;NA;NA;NA;NA;2020-03-29
AC;42;8;NA;NA;NA;NA;2020-03-30
AC;42;NA;NA;NA;NA;NA;2020-03-31
AC;43;1;NA;NA;NA;NA;2020-04-01
AC;43;NA;NA;NA;NA;NA;2020-04-02
AC;46;3;NA;NA;NA;NA;2020-04-03
AL;NA;NA;NA;NA;NA;NA;2020-01-30
AL;NA;NA;NA;NA;NA;NA;2020-01-31
AL;NA;NA;NA;NA;NA;NA;2020-02-01
AL;NA;NA;NA;NA;NA;NA;2020-02-02
AL;NA;NA;NA;NA;NA;NA;2020-02-03
AL;NA;NA;NA;NA;NA;NA;2020-02-04
AL;NA;NA;NA;NA;NA;NA;2020-02-05
AL;NA;NA;NA;NA;NA;NA;2020-02-06
AL;NA;NA;NA;NA;NA;NA;2020-02-07
AL;NA;NA;NA;NA;NA;NA;2020-02-08
AL;NA;NA;NA;NA;NA;NA;2020-02-09
AL;NA;NA;NA;NA;NA;NA;2020-02-10
AL;NA;NA;NA;NA;NA;NA;2020-02-11
AL;NA;NA;NA;NA;NA;NA;2020-02-12
AL;NA;NA;NA;NA;NA;NA;2020-02-13
AL;NA;NA;NA;NA;NA;NA;2020-02-14
AL;NA;NA;NA;NA;NA;NA;2020-02-15
AL;NA;NA;NA;NA;NA;NA;2020-02-16
AL;NA;NA;NA;NA;NA;NA;2020-02-17
AL;NA;NA;NA;NA;NA;NA;2020-02-18
AL;NA;NA;NA;NA;NA;NA;2020-02-19
AL;NA;NA;NA;NA;NA;NA;2020-02-20
AL;NA;NA;NA;NA;NA;NA;2020-02-21
AL;NA;NA;NA;NA;NA;NA;2020-02-22
AL;NA;NA;NA;NA;NA;NA;2020-02-23
AL;NA;NA;NA;NA;NA;NA;2020-02-24
AL;NA;NA;NA;NA;NA;NA;2020-02-25
AL;NA;NA;NA;NA;NA;NA;2020-02-26
AL;NA;NA;NA;NA;NA;NA;2020-02-27
AL;NA;NA;NA;NA;NA;NA;2020-02-28
AL;NA;NA;NA;NA;NA;NA;2020-02-29
AL;NA;NA;NA;NA;NA;NA;2020-03-01
AL;NA;NA;NA;NA;NA;NA;2020-03-02
AL;NA;NA;NA;NA;NA;NA;2020-03-03
AL;NA;NA;NA;NA;NA;NA;2020-03-04
AL;NA;NA;NA;NA;NA;NA;2020-03-05
AL;NA;NA;NA;NA;NA;NA;2020-03-06
AL;NA;NA;NA;NA;NA;NA;2020-03-07
AL;1;1;NA;NA;NA;NA;2020-03-08
AL;1;NA;NA;NA;NA;NA;2020-03-09
AL;1;NA;NA;NA;NA;NA;2020-03-10
AL;1;NA;NA;NA;NA;NA;2020-03-11
AL;1;NA;NA;NA;NA;NA;2020-03-12
AL;1;NA;NA;NA;NA;NA;2020-03-13
AL;1;NA;NA;NA;NA;NA;2020-03-14
AL;1;NA;NA;NA;NA;NA;2020-03-15
AL;1;NA;NA;NA;NA;NA;2020-03-16
AL;1;NA;NA;NA;NA;NA;2020-03-17
AL;1;NA;NA;NA;NA;NA;2020-03-18
AL;4;3;NA;NA;NA;NA;2020-03-19
AL;5;1;NA;NA;NA;NA;2020-03-20
AL;7;2;NA;NA;NA;NA;2020-03-21
AL;7;NA;NA;NA;NA;NA;2020-03-22
AL;7;NA;NA;NA;NA;NA;2020-03-23
AL;9;2;NA;NA;NA;NA;2020-03-24
AL;11;2;NA;NA;NA;NA;2020-03-25
AL;11;NA;NA;NA;NA;NA;2020-03-26
AL;11;NA;NA;NA;NA;NA;2020-03-27
AL;14;3;NA;NA;NA;NA;2020-03-28
AL;17;3;NA;NA;NA;NA;2020-03-29
AL;17;NA;NA;NA;NA;NA;2020-03-30
AL;18;1;1;1;NA;NA;2020-03-31
AL;18;NA;1;NA;NA;NA;2020-04-01
AL;18;NA;1;NA;NA;NA;2020-04-02
AL;22;4;2;1;NA;NA;2020-04-03
AM;NA;NA;NA;NA;NA;NA;2020-01-30
AM;NA;NA;NA;NA;NA;NA;2020-01-31
AM;NA;NA;NA;NA;NA;NA;2020-02-01
AM;NA;NA;NA;NA;NA;NA;2020-02-02
AM;NA;NA;NA;NA;NA;NA;2020-02-03
AM;NA;NA;NA;NA;NA;NA;2020-02-04
AM;NA;NA;NA;NA;NA;NA;2020-02-05
AM;NA;NA;NA;NA;NA;NA;2020-02-06
AM;NA;NA;NA;NA;NA;NA;2020-02-07
AM;NA;NA;NA;NA;NA;NA;2020-02-08
AM;NA;NA;NA;NA;NA;NA;2020-02-09
AM;NA;NA;NA;NA;NA;NA;2020-02-10
AM;NA;NA;NA;NA;NA;NA;2020-02-11
AM;NA;NA;NA;NA;NA;NA;2020-02-12
AM;NA;NA;NA;NA;NA;NA;2020-02-13
AM;NA;NA;NA;NA;NA;NA;2020-02-14
AM;NA;NA;NA;NA;NA;NA;2020-02-15
AM;NA;NA;NA;NA;NA;NA;2020-02-16
AM;NA;NA;NA;NA;NA;NA;2020-02-17
AM;NA;NA;NA;NA;NA;NA;2020-02-18
AM;NA;NA;NA;NA;NA;NA;2020-02-19
AM;NA;NA;NA;NA;NA;NA;2020-02-20
AM;NA;NA;NA;NA;NA;NA;2020-02-21
AM;NA;NA;NA;NA;NA;NA;2020-02-22
AM;NA;NA;NA;NA;NA;NA;2020-02-23
AM;NA;NA;NA;NA;NA;NA;2020-02-24
AM;NA;NA;NA;NA;NA;NA;2020-02-25
AM;NA;NA;NA;NA;NA;NA;2020-02-26
AM;NA;NA;NA;NA;NA;NA;2020-02-27
AM;NA;NA;NA;NA;NA;NA;2020-02-28
AM;NA;NA;NA;NA;NA;NA;2020-02-29
AM;NA;NA;NA;NA;NA;NA;2020-03-01
AM;NA;NA;NA;NA;NA;NA;2020-03-02
AM;NA;NA;NA;NA;NA;NA;2020-03-03
AM;NA;NA;NA;NA;NA;NA;2020-03-04
AM;NA;NA;NA;NA;NA;NA;2020-03-05
AM;NA;NA;NA;NA;NA;NA;2020-03-06
AM;NA;NA;NA;NA;NA;NA;2020-03-07
AM;NA;NA;NA;NA;NA;NA;2020-03-08
AM;NA;NA;NA;NA;NA;NA;2020-03-09
AM;NA;NA;NA;NA;NA;NA;2020-03-10
AM;NA;NA;NA;NA;NA;NA;2020-03-11
AM;NA;NA;NA;NA;NA;NA;2020-03-12
AM;NA;NA;NA;NA;NA;NA;2020-03-13
AM;NA;NA;NA;NA;NA;NA;2020-03-14
AM;1;1;NA;NA;NA;NA;2020-03-15
AM;1;NA;NA;NA;NA;NA;2020-03-16
AM;1;NA;NA;NA;NA;NA;2020-03-17
AM;1;NA;NA;NA;NA;NA;2020-03-18
AM;3;2;NA;NA;NA;NA;2020-03-19
AM;3;NA;NA;NA;NA;NA;2020-03-20
AM;11;8;NA;NA;NA;NA;2020-03-21
AM;26;15;NA;NA;NA;NA;2020-03-22
AM;32;6;NA;NA;NA;NA;2020-03-23
AM;47;15;NA;NA;NA;NA;2020-03-24
AM;54;7;1;1;NA;NA;2020-03-25
AM;67;13;1;NA;NA;NA;2020-03-26
AM;81;14;1;NA;NA;NA;2020-03-27
AM;111;30;1;NA;NA;NA;2020-03-28
AM;140;29;1;NA;NA;NA;2020-03-29
AM;151;11;1;NA;NA;NA;2020-03-30
AM;175;24;3;2;NA;NA;2020-03-31
AM;200;25;3;NA;NA;NA;2020-04-01
AM;229;29;3;NA;NA;NA;2020-04-02
AM;260;31;7;4;NA;NA;2020-04-03
AP;NA;NA;NA;NA;NA;NA;2020-01-30
AP;NA;NA;NA;NA;NA;NA;2020-01-31
AP;NA;NA;NA;NA;NA;NA;2020-02-01
AP;NA;NA;NA;NA;NA;NA;2020-02-02
AP;NA;NA;NA;NA;NA;NA;2020-02-03
AP;NA;NA;NA;NA;NA;NA;2020-02-04
AP;NA;NA;NA;NA;NA;NA;2020-02-05
AP;NA;NA;NA;NA;NA;NA;2020-02-06
AP;NA;NA;NA;NA;NA;NA;2020-02-07
AP;NA;NA;NA;NA;NA;NA;2020-02-08
AP;NA;NA;NA;NA;NA;NA;2020-02-09
AP;NA;NA;NA;NA;NA;NA;2020-02-10
AP;NA;NA;NA;NA;NA;NA;2020-02-11
AP;NA;NA;NA;NA;NA;NA;2020-02-12
AP;NA;NA;NA;NA;NA;NA;2020-02-13
AP;NA;NA;NA;NA;NA;NA;2020-02-14
AP;NA;NA;NA;NA;NA;NA;2020-02-15
AP;NA;NA;NA;NA;NA;NA;2020-02-16
AP;NA;NA;NA;NA;NA;NA;2020-02-17
AP;NA;NA;NA;NA;NA;NA;2020-02-18
AP;NA;NA;NA;NA;NA;NA;2020-02-19
AP;NA;NA;NA;NA;NA;NA;2020-02-20
AP;NA;NA;NA;NA;NA;NA;2020-02-21
AP;NA;NA;NA;NA;NA;NA;2020-02-22
AP;NA;NA;NA;NA;NA;NA;2020-02-23
AP;NA;NA;NA;NA;NA;NA;2020-02-24
AP;NA;NA;NA;NA;NA;NA;2020-02-25
AP;NA;NA;NA;NA;NA;NA;2020-02-26
AP;NA;NA;NA;NA;NA;NA;2020-02-27
AP;NA;NA;NA;NA;NA;NA;2020-02-28
AP;NA;NA;NA;NA;NA;NA;2020-02-29
AP;NA;NA;NA;NA;NA;NA;2020-03-01
AP;NA;NA;NA;NA;NA;NA;2020-03-02
AP;NA;NA;NA;NA;NA;NA;2020-03-03
AP;NA;NA;NA;NA;NA;NA;2020-03-04
AP;NA;NA;NA;NA;NA;NA;2020-03-05
AP;NA;NA;NA;NA;NA;NA;2020-03-06
AP;NA;NA;NA;NA;NA;NA;2020-03-07
AP;NA;NA;NA;NA;NA;NA;2020-03-08
AP;NA;NA;NA;NA;NA;NA;2020-03-09
AP;NA;NA;NA;NA;NA;NA;2020-03-10
AP;NA;NA;NA;NA;NA;NA;2020-03-11
AP;NA;NA;NA;NA;NA;NA;2020-03-12
AP;NA;NA;NA;NA;NA;NA;2020-03-13
AP;NA;NA;NA;NA;NA;NA;2020-03-14
AP;NA;NA;NA;NA;NA;NA;2020-03-15
AP;NA;NA;NA;NA;NA;NA;2020-03-16
AP;NA;NA;NA;NA;NA;NA;2020-03-17
AP;NA;NA;NA;NA;NA;NA;2020-03-18
AP;NA;NA;NA;NA;NA;NA;2020-03-19
AP;1;1;NA;NA;NA;NA;2020-03-20
AP;1;NA;NA;NA;NA;NA;2020-03-21
AP;1;NA;NA;NA;NA;NA;2020-03-22
AP;1;NA;NA;NA;NA;NA;2020-03-23
AP;1;NA;NA;NA;NA;NA;2020-03-24
AP;1;NA;NA;NA;NA;NA;2020-03-25
AP;2;1;NA;NA;NA;NA;2020-03-26
AP;2;NA;NA;NA;NA;NA;2020-03-27
AP;4;2;NA;NA;NA;NA;2020-03-28
AP;4;NA;NA;NA;NA;NA;2020-03-29
AP;8;4;NA;NA;NA;NA;2020-03-30
AP;10;2;NA;NA;NA;NA;2020-03-31
AP;11;1;NA;NA;NA;NA;2020-04-01
AP;11;NA;NA;NA;NA;NA;2020-04-02
AP;19;8;NA;NA;NA;NA;2020-04-03
BA;NA;NA;NA;NA;NA;NA;2020-01-30
BA;NA;NA;NA;NA;NA;NA;2020-01-31
BA;NA;NA;NA;NA;NA;NA;2020-02-01
BA;NA;NA;NA;NA;NA;NA;2020-02-02
BA;NA;NA;NA;NA;NA;NA;2020-02-03
BA;NA;NA;NA;NA;NA;NA;2020-02-04
BA;NA;NA;NA;NA;NA;NA;2020-02-05
BA;NA;NA;NA;NA;NA;NA;2020-02-06
BA;NA;NA;NA;NA;NA;NA;2020-02-07
BA;NA;NA;NA;NA;NA;NA;2020-02-08
BA;NA;NA;NA;NA;NA;NA;2020-02-09
BA;NA;NA;NA;NA;NA;NA;2020-02-10
BA;NA;NA;NA;NA;NA;NA;2020-02-11
BA;NA;NA;NA;NA;NA;NA;2020-02-12
BA;NA;NA;NA;NA;NA;NA;2020-02-13
BA;NA;NA;NA;NA;NA;NA;2020-02-14
BA;NA;NA;NA;NA;NA;NA;2020-02-15
BA;NA;NA;NA;NA;NA;NA;2020-02-16
BA;NA;NA;NA;NA;NA;NA;2020-02-17
BA;NA;NA;NA;NA;NA;NA;2020-02-18
BA;NA;NA;NA;NA;NA;NA;2020-02-19
BA;NA;NA;NA;NA;NA;NA;2020-02-20
BA;NA;NA;NA;NA;NA;NA;2020-02-21
BA;NA;NA;NA;NA;NA;NA;2020-02-22
BA;NA;NA;NA;NA;NA;NA;2020-02-23
BA;NA;NA;NA;NA;NA;NA;2020-02-24
BA;NA;NA;NA;NA;NA;NA;2020-02-25
BA;NA;NA;NA;NA;NA;NA;2020-02-26
BA;NA;NA;NA;NA;NA;NA;2020-02-27
BA;NA;NA;NA;NA;NA;NA;2020-02-28
BA;NA;NA;NA;NA;NA;NA;2020-02-29
BA;NA;NA;NA;NA;NA;NA;2020-03-01
BA;NA;NA;NA;NA;NA;NA;2020-03-02
BA;NA;NA;NA;NA;NA;NA;2020-03-03
BA;NA;NA;NA;NA;NA;NA;2020-03-04
BA;NA;NA;NA;NA;NA;NA;2020-03-05
BA;1;1;NA;NA;NA;NA;2020-03-06
BA;2;1;NA;NA;NA;NA;2020-03-07
BA;2;NA;NA;NA;NA;NA;2020-03-08
BA;2;NA;NA;NA;NA;NA;2020-03-09
BA;2;NA;NA;NA;NA;NA;2020-03-10
BA;2;NA;NA;NA;NA;NA;2020-03-11
BA;2;NA;NA;NA;NA;NA;2020-03-12
BA;2;NA;NA;NA;NA;NA;2020-03-13
BA;2;NA;NA;NA;NA;NA;2020-03-14
BA;2;NA;NA;NA;NA;NA;2020-03-15
BA;2;NA;NA;NA;NA;NA;2020-03-16
BA;3;1;NA;NA;NA;NA;2020-03-17
BA;3;NA;NA;NA;NA;NA;2020-03-18
BA;30;27;NA;NA;NA;NA;2020-03-19
BA;33;3;NA;NA;NA;NA;2020-03-20
BA;41;8;NA;NA;NA;NA;2020-03-21
BA;49;8;NA;NA;NA;NA;2020-03-22
BA;63;14;NA;NA;NA;NA;2020-03-23
BA;76;13;NA;NA;NA;NA;2020-03-24
BA;84;8;NA;NA;NA;NA;2020-03-25
BA;104;20;NA;NA;NA;NA;2020-03-26
BA;115;11;NA;NA;NA;NA;2020-03-27
BA;127;12;NA;NA;NA;NA;2020-03-28
BA;154;27;1;1;NA;NA;2020-03-29
BA;176;22;1;NA;NA;NA;2020-03-30
BA;213;37;2;1;NA;NA;2020-03-31
BA;246;33;2;NA;NA;NA;2020-04-01
BA;267;21;3;1;NA;NA;2020-04-02
BA;282;15;5;2;NA;NA;2020-04-03
CE;NA;NA;NA;NA;NA;NA;2020-01-30
CE;NA;NA;NA;NA;NA;NA;2020-01-31
CE;NA;NA;NA;NA;NA;NA;2020-02-01
CE;NA;NA;NA;NA;NA;NA;2020-02-02
CE;NA;NA;NA;NA;NA;NA;2020-02-03
CE;NA;NA;NA;NA;NA;NA;2020-02-04
CE;NA;NA;NA;NA;NA;NA;2020-02-05
CE;NA;NA;NA;NA;NA;NA;2020-02-06
CE;NA;NA;NA;NA;NA;NA;2020-02-07
CE;NA;NA;NA;NA;NA;NA;2020-02-08
CE;NA;NA;NA;NA;NA;NA;2020-02-09
CE;NA;NA;NA;NA;NA;NA;2020-02-10
CE;NA;NA;NA;NA;NA;NA;2020-02-11
CE;NA;NA;NA;NA;NA;NA;2020-02-12
CE;NA;NA;NA;NA;NA;NA;2020-02-13
CE;NA;NA;NA;NA;NA;NA;2020-02-14
CE;NA;NA;NA;NA;NA;NA;2020-02-15
CE;NA;NA;NA;NA;NA;NA;2020-02-16
CE;NA;NA;NA;NA;NA;NA;2020-02-17
CE;NA;NA;NA;NA;NA;NA;2020-02-18
CE;NA;NA;NA;NA;NA;NA;2020-02-19
CE;NA;NA;NA;NA;NA;NA;2020-02-20
CE;NA;NA;NA;NA;NA;NA;2020-02-21
CE;NA;NA;NA;NA;NA;NA;2020-02-22
CE;NA;NA;NA;NA;NA;NA;2020-02-23
CE;NA;NA;NA;NA;NA;NA;2020-02-24
CE;NA;NA;NA;NA;NA;NA;2020-02-25
CE;NA;NA;NA;NA;NA;NA;2020-02-26
CE;NA;NA;NA;NA;NA;NA;2020-02-27
CE;NA;NA;NA;NA;NA;NA;2020-02-28
CE;NA;NA;NA;NA;NA;NA;2020-02-29
CE;NA;NA;NA;NA;NA;NA;2020-03-01
CE;NA;NA;NA;NA;NA;NA;2020-03-02
CE;NA;NA;NA;NA;NA;NA;2020-03-03
CE;NA;NA;NA;NA;NA;NA;2020-03-04
CE;NA;NA;NA;NA;NA;NA;2020-03-05
CE;NA;NA;NA;NA;NA;NA;2020-03-06
CE;NA;NA;NA;NA;NA;NA;2020-03-07
CE;NA;NA;NA;NA;NA;NA;2020-03-08
CE;NA;NA;NA;NA;NA;NA;2020-03-09
CE;NA;NA;NA;NA;NA;NA;2020-03-10
CE;NA;NA;NA;NA;NA;NA;2020-03-11
CE;NA;NA;NA;NA;NA;NA;2020-03-12
CE;NA;NA;NA;NA;NA;NA;2020-03-13
CE;NA;NA;NA;NA;NA;NA;2020-03-14
CE;NA;NA;NA;NA;NA;NA;2020-03-15
CE;NA;NA;NA;NA;NA;NA;2020-03-16
CE;5;5;NA;NA;NA;NA;2020-03-17
CE;9;4;NA;NA;NA;NA;2020-03-18
CE;20;11;NA;NA;NA;NA;2020-03-19
CE;55;35;NA;NA;NA;NA;2020-03-20
CE;68;13;NA;NA;NA;NA;2020-03-21
CE;112;44;NA;NA;NA;NA;2020-03-22
CE;163;51;NA;NA;NA;NA;2020-03-23
CE;182;19;NA;NA;NA;NA;2020-03-24
CE;200;18;NA;NA;NA;NA;2020-03-25
CE;235;35;3;3;NA;NA;2020-03-26
CE;282;47;3;NA;NA;NA;2020-03-27
CE;314;32;4;1;NA;NA;2020-03-28
CE;348;34;5;1;NA;NA;2020-03-29
CE;372;24;5;NA;NA;NA;2020-03-30
CE;390;18;7;2;NA;NA;2020-03-31
CE;444;54;8;1;NA;NA;2020-04-01
CE;550;106;20;12;NA;NA;2020-04-02
CE;627;77;22;2;NA;NA;2020-04-03
DF;NA;NA;NA;NA;NA;NA;2020-01-30
DF;NA;NA;NA;NA;NA;NA;2020-01-31
DF;NA;NA;NA;NA;NA;NA;2020-02-01
DF;NA;NA;NA;NA;NA;NA;2020-02-02
DF;NA;NA;NA;NA;NA;NA;2020-02-03
DF;NA;NA;NA;NA;NA;NA;2020-02-04
DF;NA;NA;NA;NA;NA;NA;2020-02-05
DF;NA;NA;NA;NA;NA;NA;2020-02-06
DF;NA;NA;NA;NA;NA;NA;2020-02-07
DF;NA;NA;NA;NA;NA;NA;2020-02-08
DF;NA;NA;NA;NA;NA;NA;2020-02-09
DF;NA;NA;NA;NA;NA;NA;2020-02-10
DF;NA;NA;NA;NA;NA;NA;2020-02-11
DF;NA;NA;NA;NA;NA;NA;2020-02-12
DF;NA;NA;NA;NA;NA;NA;2020-02-13
DF;NA;NA;NA;NA;NA;NA;2020-02-14
DF;NA;NA;NA;NA;NA;NA;2020-02-15
DF;NA;NA;NA;NA;NA;NA;2020-02-16
DF;NA;NA;NA;NA;NA;NA;2020-02-17
DF;NA;NA;NA;NA;NA;NA;2020-02-18
DF;NA;NA;NA;NA;NA;NA;2020-02-19
DF;NA;NA;NA;NA;NA;NA;2020-02-20
DF;NA;NA;NA;NA;NA;NA;2020-02-21
DF;NA;NA;NA;NA;NA;NA;2020-02-22
DF;NA;NA;NA;NA;NA;NA;2020-02-23
DF;NA;NA;NA;NA;NA;NA;2020-02-24
DF;NA;NA;NA;NA;NA;NA;2020-02-25
DF;NA;NA;NA;NA;NA;NA;2020-02-26
DF;NA;NA;NA;NA;NA;NA;2020-02-27
DF;NA;NA;NA;NA;NA;NA;2020-02-28
DF;NA;NA;NA;NA;NA;NA;2020-02-29
DF;NA;NA;NA;NA;NA;NA;2020-03-01
DF;NA;NA;NA;NA;NA;NA;2020-03-02
DF;NA;NA;NA;NA;NA;NA;2020-03-03
DF;NA;NA;NA;NA;NA;NA;2020-03-04
DF;NA;NA;NA;NA;NA;NA;2020-03-05
DF;NA;NA;NA;NA;NA;NA;2020-03-06
DF;1;1;NA;NA;NA;NA;2020-03-07
DF;1;NA;NA;NA;NA;NA;2020-03-08
DF;1;NA;NA;NA;NA;NA;2020-03-09
DF;1;NA;NA;NA;NA;NA;2020-03-10
DF;2;1;NA;NA;NA;NA;2020-03-11
DF;2;NA;NA;NA;NA;NA;2020-03-12
DF;2;NA;NA;NA;NA;NA;2020-03-13
DF;6;4;NA;NA;NA;NA;2020-03-14
DF;8;2;NA;NA;NA;NA;2020-03-15
DF;13;5;NA;NA;NA;NA;2020-03-16
DF;22;9;NA;NA;NA;NA;2020-03-17
DF;26;4;NA;NA;NA;NA;2020-03-18
DF;42;16;NA;NA;NA;NA;2020-03-19
DF;87;45;NA;NA;NA;NA;2020-03-20
DF;100;13;NA;NA;NA;NA;2020-03-21
DF;117;17;NA;NA;NA;NA;2020-03-22
DF;133;16;NA;NA;NA;NA;2020-03-23
DF;160;27;NA;NA;NA;NA;2020-03-24
DF;160;NA;NA;NA;NA;NA;2020-03-25
DF;200;40;NA;NA;NA;NA;2020-03-26
DF;230;30;NA;NA;NA;NA;2020-03-27
DF;260;30;NA;NA;NA;NA;2020-03-28
DF;289;29;1;1;NA;NA;2020-03-29
DF;312;23;1;NA;NA;NA;2020-03-30
DF;332;20;3;2;NA;NA;2020-03-31
DF;355;23;3;NA;NA;NA;2020-04-01
DF;370;15;4;1;NA;NA;2020-04-02
DF;402;32;5;1;NA;NA;2020-04-03
ES;NA;NA;NA;NA;NA;NA;2020-01-30
ES;NA;NA;NA;NA;NA;NA;2020-01-31
ES;NA;NA;NA;NA;NA;NA;2020-02-01
ES;NA;NA;NA;NA;NA;NA;2020-02-02
ES;NA;NA;NA;NA;NA;NA;2020-02-03
ES;NA;NA;NA;NA;NA;NA;2020-02-04
ES;NA;NA;NA;NA;NA;NA;2020-02-05
ES;NA;NA;NA;NA;NA;NA;2020-02-06
ES;NA;NA;NA;NA;NA;NA;2020-02-07
ES;NA;NA;NA;NA;NA;NA;2020-02-08
ES;NA;NA;NA;NA;NA;NA;2020-02-09
ES;NA;NA;NA;NA;NA;NA;2020-02-10
ES;NA;NA;NA;NA;NA;NA;2020-02-11
ES;NA;NA;NA;NA;NA;NA;2020-02-12
ES;NA;NA;NA;NA;NA;NA;2020-02-13
ES;NA;NA;NA;NA;NA;NA;2020-02-14
ES;NA;NA;NA;NA;NA;NA;2020-02-15
ES;NA;NA;NA;NA;NA;NA;2020-02-16
ES;NA;NA;NA;NA;NA;NA;2020-02-17
ES;NA;NA;NA;NA;NA;NA;2020-02-18
ES;NA;NA;NA;NA;NA;NA;2020-02-19
ES;NA;NA;NA;NA;NA;NA;2020-02-20
ES;NA;NA;NA;NA;NA;NA;2020-02-21
ES;NA;NA;NA;NA;NA;NA;2020-02-22
ES;NA;NA;NA;NA;NA;NA;2020-02-23
ES;NA;NA;NA;NA;NA;NA;2020-02-24
ES;NA;NA;NA;NA;NA;NA;2020-02-25
ES;NA;NA;NA;NA;NA;NA;2020-02-26
ES;NA;NA;NA;NA;NA;NA;2020-02-27
ES;NA;NA;NA;NA;NA;NA;2020-02-28
ES;NA;NA;NA;NA;NA;NA;2020-02-29
ES;NA;NA;NA;NA;NA;NA;2020-03-01
ES;NA;NA;NA;NA;NA;NA;2020-03-02
ES;NA;NA;NA;NA;NA;NA;2020-03-03
ES;NA;NA;NA;NA;NA;NA;2020-03-04
ES;NA;NA;NA;NA;NA;NA;2020-03-05
ES;1;1;NA;NA;NA;NA;2020-03-06
ES;1;NA;NA;NA;NA;NA;2020-03-07
ES;1;NA;NA;NA;NA;NA;2020-03-08
ES;1;NA;NA;NA;NA;NA;2020-03-09
ES;1;NA;NA;NA;NA;NA;2020-03-10
ES;1;NA;NA;NA;NA;NA;2020-03-11
ES;1;NA;NA;NA;NA;NA;2020-03-12
ES;1;NA;NA;NA;NA;NA;2020-03-13
ES;1;NA;NA;NA;NA;NA;2020-03-14
ES;1;NA;NA;NA;NA;NA;2020-03-15
ES;1;NA;NA;NA;NA;NA;2020-03-16
ES;1;NA;NA;NA;NA;NA;2020-03-17
ES;9;8;NA;NA;NA;NA;2020-03-18
ES;11;2;NA;NA;NA;NA;2020-03-19
ES;13;2;NA;NA;NA;NA;2020-03-20
ES;26;13;NA;NA;NA;NA;2020-03-21
ES;26;NA;NA;NA;NA;NA;2020-03-22
ES;29;3;NA;NA;NA;NA;2020-03-23
ES;33;4;NA;NA;NA;NA;2020-03-24
ES;39;6;NA;NA;NA;NA;2020-03-25
ES;39;NA;NA;NA;NA;NA;2020-03-26
ES;47;8;NA;NA;NA;NA;2020-03-27
ES;53;6;NA;NA;NA;NA;2020-03-28
ES;60;7;NA;NA;NA;NA;2020-03-29
ES;72;12;NA;NA;NA;NA;2020-03-30
ES;84;12;NA;NA;NA;NA;2020-03-31
ES;96;12;NA;NA;NA;NA;2020-04-01
ES;120;24;1;1;NA;NA;2020-04-02
ES;139;19;4;3;NA;NA;2020-04-03
GO;NA;NA;NA;NA;NA;NA;2020-01-30
GO;NA;NA;NA;NA;NA;NA;2020-01-31
GO;NA;NA;NA;NA;NA;NA;2020-02-01
GO;NA;NA;NA;NA;NA;NA;2020-02-02
GO;NA;NA;NA;NA;NA;NA;2020-02-03
GO;NA;NA;NA;NA;NA;NA;2020-02-04
GO;NA;NA;NA;NA;NA;NA;2020-02-05
GO;NA;NA;NA;NA;NA;NA;2020-02-06
GO;NA;NA;NA;NA;NA;NA;2020-02-07
GO;NA;NA;NA;NA;NA;NA;2020-02-08
GO;NA;NA;NA;NA;NA;NA;2020-02-09
GO;NA;NA;NA;NA;NA;NA;2020-02-10
GO;NA;NA;NA;NA;NA;NA;2020-02-11
GO;NA;NA;NA;NA;NA;NA;2020-02-12
GO;NA;NA;NA;NA;NA;NA;2020-02-13
GO;NA;NA;NA;NA;NA;NA;2020-02-14
GO;NA;NA;NA;NA;NA;NA;2020-02-15
GO;NA;NA;NA;NA;NA;NA;2020-02-16
GO;NA;NA;NA;NA;NA;NA;2020-02-17
GO;NA;NA;NA;NA;NA;NA;2020-02-18
GO;NA;NA;NA;NA;NA;NA;2020-02-19
GO;NA;NA;NA;NA;NA;NA;2020-02-20
GO;NA;NA;NA;NA;NA;NA;2020-02-21
GO;NA;NA;NA;NA;NA;NA;2020-02-22
GO;NA;NA;NA;NA;NA;NA;2020-02-23
GO;NA;NA;NA;NA;NA;NA;2020-02-24
GO;NA;NA;NA;NA;NA;NA;2020-02-25
GO;NA;NA;NA;NA;NA;NA;2020-02-26
GO;NA;NA;NA;NA;NA;NA;2020-02-27
GO;NA;NA;NA;NA;NA;NA;2020-02-28
GO;NA;NA;NA;NA;NA;NA;2020-02-29
GO;NA;NA;NA;NA;NA;NA;2020-03-01
GO;NA;NA;NA;NA;NA;NA;2020-03-02
GO;NA;NA;NA;NA;NA;NA;2020-03-03
GO;NA;NA;NA;NA;NA;NA;2020-03-04
GO;NA;NA;NA;NA;NA;NA;2020-03-05
GO;NA;NA;NA;NA;NA;NA;2020-03-06
GO;NA;NA;NA;NA;NA;NA;2020-03-07
GO;NA;NA;NA;NA;NA;NA;2020-03-08
GO;NA;NA;NA;NA;NA;NA;2020-03-09
GO;NA;NA;NA;NA;NA;NA;2020-03-10
GO;NA;NA;NA;NA;NA;NA;2020-03-11
GO;NA;NA;NA;NA;NA;NA;2020-03-12
GO;3;3;NA;NA;NA;NA;2020-03-13
GO;3;NA;NA;NA;NA;NA;2020-03-14
GO;3;NA;NA;NA;NA;NA;2020-03-15
GO;3;NA;NA;NA;NA;NA;2020-03-16
GO;6;3;NA;NA;NA;NA;2020-03-17
GO;8;2;NA;NA;NA;NA;2020-03-18
GO;12;4;NA;NA;NA;NA;2020-03-19
GO;15;3;NA;NA;NA;NA;2020-03-20
GO;20;5;NA;NA;NA;NA;2020-03-21
GO;21;1;NA;NA;NA;NA;2020-03-22
GO;23;2;NA;NA;NA;NA;2020-03-23
GO;27;4;NA;NA;NA;NA;2020-03-24
GO;29;2;NA;NA;NA;NA;2020-03-25
GO;39;10;1;1;NA;NA;2020-03-26
GO;49;10;1;NA;NA;NA;2020-03-27
GO;56;7;1;NA;NA;NA;2020-03-28
GO;58;2;1;NA;NA;NA;2020-03-29
GO;61;3;1;NA;NA;NA;2020-03-30
GO;65;4;1;NA;NA;NA;2020-03-31
GO;71;6;1;NA;NA;NA;2020-04-01
GO;73;2;1;NA;NA;NA;2020-04-02
GO;88;15;2;1;NA;NA;2020-04-03
MA;NA;NA;NA;NA;NA;NA;2020-01-30
MA;NA;NA;NA;NA;NA;NA;2020-01-31
MA;NA;NA;NA;NA;NA;NA;2020-02-01
MA;NA;NA;NA;NA;NA;NA;2020-02-02
MA;NA;NA;NA;NA;NA;NA;2020-02-03
MA;NA;NA;NA;NA;NA;NA;2020-02-04
MA;NA;NA;NA;NA;NA;NA;2020-02-05
MA;NA;NA;NA;NA;NA;NA;2020-02-06
MA;NA;NA;NA;NA;NA;NA;2020-02-07
MA;NA;NA;NA;NA;NA;NA;2020-02-08
MA;NA;NA;NA;NA;NA;NA;2020-02-09
MA;NA;NA;NA;NA;NA;NA;2020-02-10
MA;NA;NA;NA;NA;NA;NA;2020-02-11
MA;NA;NA;NA;NA;NA;NA;2020-02-12
MA;NA;NA;NA;NA;NA;NA;2020-02-13
MA;NA;NA;NA;NA;NA;NA;2020-02-14
MA;NA;NA;NA;NA;NA;NA;2020-02-15
MA;NA;NA;NA;NA;NA;NA;2020-02-16
MA;NA;NA;NA;NA;NA;NA;2020-02-17
MA;NA;NA;NA;NA;NA;NA;2020-02-18
MA;NA;NA;NA;NA;NA;NA;2020-02-19
MA;NA;NA;NA;NA;NA;NA;2020-02-20
MA;NA;NA;NA;NA;NA;NA;2020-02-21
MA;NA;NA;NA;NA;NA;NA;2020-02-22
MA;NA;NA;NA;NA;NA;NA;2020-02-23
MA;NA;NA;NA;NA;NA;NA;2020-02-24
MA;NA;NA;NA;NA;NA;NA;2020-02-25
MA;NA;NA;NA;NA;NA;NA;2020-02-26
MA;NA;NA;NA;NA;NA;NA;2020-02-27
MA;NA;NA;NA;NA;NA;NA;2020-02-28
MA;NA;NA;NA;NA;NA;NA;2020-02-29
MA;NA;NA;NA;NA;NA;NA;2020-03-01
MA;NA;NA;NA;NA;NA;NA;2020-03-02
MA;NA;NA;NA;NA;NA;NA;2020-03-03
MA;NA;NA;NA;NA;NA;NA;2020-03-04
MA;NA;NA;NA;NA;NA;NA;2020-03-05
MA;NA;NA;NA;NA;NA;NA;2020-03-06
MA;NA;NA;NA;NA;NA;NA;2020-03-07
MA;NA;NA;NA;NA;NA;NA;2020-03-08
MA;NA;NA;NA;NA;NA;NA;2020-03-09
MA;NA;NA;NA;NA;NA;NA;2020-03-10
MA;NA;NA;NA;NA;NA;NA;2020-03-11
MA;NA;NA;NA;NA;NA;NA;2020-03-12
MA;NA;NA;NA;NA;NA;NA;2020-03-13
MA;NA;NA;NA;NA;NA;NA;2020-03-14
MA;NA;NA;NA;NA;NA;NA;2020-03-15
MA;NA;NA;NA;NA;NA;NA;2020-03-16
MA;NA;NA;NA;NA;NA;NA;2020-03-17
MA;NA;NA;NA;NA;NA;NA;2020-03-18
MA;NA;NA;NA;NA;NA;NA;2020-03-19
MA;NA;NA;NA;NA;NA;NA;2020-03-20
MA;1;1;NA;NA;NA;NA;2020-03-21
MA;2;1;NA;NA;NA;NA;2020-03-22
MA;2;NA;NA;NA;NA;NA;2020-03-23
MA;8;6;NA;NA;NA;NA;2020-03-24
MA;8;NA;NA;NA;NA;NA;2020-03-25
MA;10;2;NA;NA;NA;NA;2020-03-26
MA;13;3;NA;NA;NA;NA;2020-03-27
MA;14;1;NA;NA;NA;NA;2020-03-28
MA;16;2;NA;NA;NA;NA;2020-03-29
MA;23;7;1;1;NA;NA;2020-03-30
MA;31;8;1;NA;NA;NA;2020-03-31
MA;52;21;1;NA;NA;NA;2020-04-01
MA;71;19;1;NA;NA;NA;2020-04-02
MA;81;10;1;NA;NA;NA;2020-04-03
MG;NA;NA;NA;NA;NA;NA;2020-01-30
MG;NA;NA;NA;NA;NA;NA;2020-01-31
MG;NA;NA;NA;NA;NA;NA;2020-02-01
MG;NA;NA;NA;NA;NA;NA;2020-02-02
MG;NA;NA;NA;NA;NA;NA;2020-02-03
MG;NA;NA;NA;NA;NA;NA;2020-02-04
MG;NA;NA;NA;NA;NA;NA;2020-02-05
MG;NA;NA;NA;NA;NA;NA;2020-02-06
MG;NA;NA;NA;NA;NA;NA;2020-02-07
MG;NA;NA;NA;NA;NA;NA;2020-02-08
MG;NA;NA;NA;NA;NA;NA;2020-02-09
MG;NA;NA;NA;NA;NA;NA;2020-02-10
MG;NA;NA;NA;NA;NA;NA;2020-02-11
MG;NA;NA;NA;NA;NA;NA;2020-02-12
MG;NA;NA;NA;NA;NA;NA;2020-02-13
MG;NA;NA;NA;NA;NA;NA;2020-02-14
MG;NA;NA;NA;NA;NA;NA;2020-02-15
MG;NA;NA;NA;NA;NA;NA;2020-02-16
MG;NA;NA;NA;NA;NA;NA;2020-02-17
MG;NA;NA;NA;NA;NA;NA;2020-02-18
MG;NA;NA;NA;NA;NA;NA;2020-02-19
MG;NA;NA;NA;NA;NA;NA;2020-02-20
MG;NA;NA;NA;NA;NA;NA;2020-02-21
MG;NA;NA;NA;NA;NA;NA;2020-02-22
MG;NA;NA;NA;NA;NA;NA;2020-02-23
MG;NA;NA;NA;NA;NA;NA;2020-02-24
MG;NA;NA;NA;NA;NA;NA;2020-02-25
MG;NA;NA;NA;NA;NA;NA;2020-02-26
MG;NA;NA;NA;NA;NA;NA;2020-02-27
MG;NA;NA;NA;NA;NA;NA;2020-02-28
MG;NA;NA;NA;NA;NA;NA;2020-02-29
MG;NA;NA;NA;NA;NA;NA;2020-03-01
MG;NA;NA;NA;NA;NA;NA;2020-03-02
MG;NA;NA;NA;NA;NA;NA;2020-03-03
MG;NA;NA;NA;NA;NA;NA;2020-03-04
MG;NA;NA;NA;NA;NA;NA;2020-03-05
MG;NA;NA;NA;NA;NA;NA;2020-03-06
MG;NA;NA;NA;NA;NA;NA;2020-03-07
MG;1;1;NA;NA;NA;NA;2020-03-08
MG;1;NA;NA;NA;NA;NA;2020-03-09
MG;1;NA;NA;NA;NA;NA;2020-03-10
MG;1;NA;NA;NA;NA;NA;2020-03-11
MG;1;NA;NA;NA;NA;NA;2020-03-12
MG;2;1;NA;NA;NA;NA;2020-03-13
MG;2;NA;NA;NA;NA;NA;2020-03-14
MG;2;NA;NA;NA;NA;NA;2020-03-15
MG;5;3;NA;NA;NA;NA;2020-03-16
MG;7;2;NA;NA;NA;NA;2020-03-17
MG;15;8;NA;NA;NA;NA;2020-03-18
MG;29;14;NA;NA;NA;NA;2020-03-19
MG;35;6;NA;NA;NA;NA;2020-03-20
MG;38;3;NA;NA;NA;NA;2020-03-21
MG;83;45;NA;NA;NA;NA;2020-03-22
MG;128;45;NA;NA;NA;NA;2020-03-23
MG;130;2;NA;NA;NA;NA;2020-03-24
MG;133;3;NA;NA;NA;NA;2020-03-25
MG;153;20;NA;NA;NA;NA;2020-03-26
MG;189;36;NA;NA;NA;NA;2020-03-27
MG;205;16;NA;NA;NA;NA;2020-03-28
MG;231;26;NA;NA;NA;NA;2020-03-29
MG;261;30;1;1;NA;NA;2020-03-30
MG;275;14;2;1;NA;NA;2020-03-31
MG;314;39;3;1;NA;NA;2020-04-01
MG;370;56;4;1;NA;NA;2020-04-02
MG;397;27;6;2;NA;NA;2020-04-03
MS;NA;NA;NA;NA;NA;NA;2020-01-30
MS;NA;NA;NA;NA;NA;NA;2020-01-31
MS;NA;NA;NA;NA;NA;NA;2020-02-01
MS;NA;NA;NA;NA;NA;NA;2020-02-02
MS;NA;NA;NA;NA;NA;NA;2020-02-03
MS;NA;NA;NA;NA;NA;NA;2020-02-04
MS;NA;NA;NA;NA;NA;NA;2020-02-05
MS;NA;NA;NA;NA;NA;NA;2020-02-06
MS;NA;NA;NA;NA;NA;NA;2020-02-07
MS;NA;NA;NA;NA;NA;NA;2020-02-08
MS;NA;NA;NA;NA;NA;NA;2020-02-09
MS;NA;NA;NA;NA;NA;NA;2020-02-10
MS;NA;NA;NA;NA;NA;NA;2020-02-11
MS;NA;NA;NA;NA;NA;NA;2020-02-12
MS;NA;NA;NA;NA;NA;NA;2020-02-13
MS;NA;NA;NA;NA;NA;NA;2020-02-14
MS;NA;NA;NA;NA;NA;NA;2020-02-15
MS;NA;NA;NA;NA;NA;NA;2020-02-16
MS;NA;NA;NA;NA;NA;NA;2020-02-17
MS;NA;NA;NA;NA;NA;NA;2020-02-18
MS;NA;NA;NA;NA;NA;NA;2020-02-19
MS;NA;NA;NA;NA;NA;NA;2020-02-20
MS;NA;NA;NA;NA;NA;NA;2020-02-21
MS;NA;NA;NA;NA;NA;NA;2020-02-22
MS;NA;NA;NA;NA;NA;NA;2020-02-23
MS;NA;NA;NA;NA;NA;NA;2020-02-24
MS;NA;NA;NA;NA;NA;NA;2020-02-25
MS;NA;NA;NA;NA;NA;NA;2020-02-26
MS;NA;NA;NA;NA;NA;NA;2020-02-27
MS;NA;NA;NA;NA;NA;NA;2020-02-28
MS;NA;NA;NA;NA;NA;NA;2020-02-29
MS;NA;NA;NA;NA;NA;NA;2020-03-01
MS;NA;NA;NA;NA;NA;NA;2020-03-02
MS;NA;NA;NA;NA;NA;NA;2020-03-03
MS;NA;NA;NA;NA;NA;NA;2020-03-04
MS;NA;NA;NA;NA;NA;NA;2020-03-05
MS;NA;NA;NA;NA;NA;NA;2020-03-06
MS;NA;NA;NA;NA;NA;NA;2020-03-07
MS;NA;NA;NA;NA;NA;NA;2020-03-08
MS;NA;NA;NA;NA;NA;NA;2020-03-09
MS;NA;NA;NA;NA;NA;NA;2020-03-10
MS;NA;NA;NA;NA;NA;NA;2020-03-11
MS;NA;NA;NA;NA;NA;NA;2020-03-12
MS;NA;NA;NA;NA;NA;NA;2020-03-13
MS;NA;NA;NA;NA;NA;NA;2020-03-14
MS;NA;NA;NA;NA;NA;NA;2020-03-15
MS;2;2;NA;NA;NA;NA;2020-03-16
MS;4;2;NA;NA;NA;NA;2020-03-17
MS;7;3;NA;NA;NA;NA;2020-03-18
MS;7;NA;NA;NA;NA;NA;2020-03-19
MS;9;2;NA;NA;NA;NA;2020-03-20
MS;16;7;NA;NA;NA;NA;2020-03-21
MS;21;5;NA;NA;NA;NA;2020-03-22
MS;21;NA;NA;NA;NA;NA;2020-03-23
MS;23;2;NA;NA;NA;NA;2020-03-24
MS;24;1;NA;NA;NA;NA;2020-03-25
MS;25;1;NA;NA;NA;NA;2020-03-26
MS;28;3;NA;NA;NA;NA;2020-03-27
MS;31;3;NA;NA;NA;NA;2020-03-28
MS;36;5;NA;NA;NA;NA;2020-03-29
MS;44;8;NA;NA;NA;NA;2020-03-30
MS;48;4;1;1;NA;NA;2020-03-31
MS;51;3;1;NA;NA;NA;2020-04-01
MS;53;2;1;NA;NA;NA;2020-04-02
MS;60;7;1;NA;NA;NA;2020-04-03
MT;NA;NA;NA;NA;NA;NA;2020-01-30
MT;NA;NA;NA;NA;NA;NA;2020-01-31
MT;NA;NA;NA;NA;NA;NA;2020-02-01
MT;NA;NA;NA;NA;NA;NA;2020-02-02
MT;NA;NA;NA;NA;NA;NA;2020-02-03
MT;NA;NA;NA;NA;NA;NA;2020-02-04
MT;NA;NA;NA;NA;NA;NA;2020-02-05
MT;NA;NA;NA;NA;NA;NA;2020-02-06
MT;NA;NA;NA;NA;NA;NA;2020-02-07
MT;NA;NA;NA;NA;NA;NA;2020-02-08
MT;NA;NA;NA;NA;NA;NA;2020-02-09
MT;NA;NA;NA;NA;NA;NA;2020-02-10
MT;NA;NA;NA;NA;NA;NA;2020-02-11
MT;NA;NA;NA;NA;NA;NA;2020-02-12
MT;NA;NA;NA;NA;NA;NA;2020-02-13
MT;NA;NA;NA;NA;NA;NA;2020-02-14
MT;NA;NA;NA;NA;NA;NA;2020-02-15
MT;NA;NA;NA;NA;NA;NA;2020-02-16
MT;NA;NA;NA;NA;NA;NA;2020-02-17
MT;NA;NA;NA;NA;NA;NA;2020-02-18
MT;NA;NA;NA;NA;NA;NA;2020-02-19
MT;NA;NA;NA;NA;NA;NA;2020-02-20
MT;NA;NA;NA;NA;NA;NA;2020-02-21
MT;NA;NA;NA;NA;NA;NA;2020-02-22
MT;NA;NA;NA;NA;NA;NA;2020-02-23
MT;NA;NA;NA;NA;NA;NA;2020-02-24
MT;NA;NA;NA;NA;NA;NA;2020-02-25
MT;NA;NA;NA;NA;NA;NA;2020-02-26
MT;NA;NA;NA;NA;NA;NA;2020-02-27
MT;NA;NA;NA;NA;NA;NA;2020-02-28
MT;NA;NA;NA;NA;NA;NA;2020-02-29
MT;NA;NA;NA;NA;NA;NA;2020-03-01
MT;NA;NA;NA;NA;NA;NA;2020-03-02
MT;NA;NA;NA;NA;NA;NA;2020-03-03
MT;NA;NA;NA;NA;NA;NA;2020-03-04
MT;NA;NA;NA;NA;NA;NA;2020-03-05
MT;NA;NA;NA;NA;NA;NA;2020-03-06
MT;NA;NA;NA;NA;NA;NA;2020-03-07
MT;NA;NA;NA;NA;NA;NA;2020-03-08
MT;NA;NA;NA;NA;NA;NA;2020-03-09
MT;NA;NA;NA;NA;NA;NA;2020-03-10
MT;NA;NA;NA;NA;NA;NA;2020-03-11
MT;NA;NA;NA;NA;NA;NA;2020-03-12
MT;NA;NA;NA;NA;NA;NA;2020-03-13
MT;NA;NA;NA;NA;NA;NA;2020-03-14
MT;NA;NA;NA;NA;NA;NA;2020-03-15
MT;NA;NA;NA;NA;NA;NA;2020-03-16
MT;NA;NA;NA;NA;NA;NA;2020-03-17
MT;NA;NA;NA;NA;NA;NA;2020-03-18
MT;NA;NA;NA;NA;NA;NA;2020-03-19
MT;1;1;NA;NA;NA;NA;2020-03-20
MT;2;1;NA;NA;NA;NA;2020-03-21
MT;2;NA;NA;NA;NA;NA;2020-03-22
MT;2;NA;NA;NA;NA;NA;2020-03-23
MT;7;5;NA;NA;NA;NA;2020-03-24
MT;8;1;NA;NA;NA;NA;2020-03-25
MT;11;3;NA;NA;NA;NA;2020-03-26
MT;11;NA;NA;NA;NA;NA;2020-03-27
MT;13;2;NA;NA;NA;NA;2020-03-28
MT;16;3;NA;NA;NA;NA;2020-03-29
MT;18;2;NA;NA;NA;NA;2020-03-30
MT;25;7;NA;NA;NA;NA;2020-03-31
MT;27;2;NA;NA;NA;NA;2020-04-01
MT;36;9;NA;NA;NA;NA;2020-04-02
MT;44;8;1;1;NA;NA;2020-04-03
PA;NA;NA;NA;NA;NA;NA;2020-01-30
PA;NA;NA;NA;NA;NA;NA;2020-01-31
PA;NA;NA;NA;NA;NA;NA;2020-02-01
PA;NA;NA;NA;NA;NA;NA;2020-02-02
PA;NA;NA;NA;NA;NA;NA;2020-02-03
PA;NA;NA;NA;NA;NA;NA;2020-02-04
PA;NA;NA;NA;NA;NA;NA;2020-02-05
PA;NA;NA;NA;NA;NA;NA;2020-02-06
PA;NA;NA;NA;NA;NA;NA;2020-02-07
PA;NA;NA;NA;NA;NA;NA;2020-02-08
PA;NA;NA;NA;NA;NA;NA;2020-02-09
PA;NA;NA;NA;NA;NA;NA;2020-02-10
PA;NA;NA;NA;NA;NA;NA;2020-02-11
PA;NA;NA;NA;NA;NA;NA;2020-02-12
PA;NA;NA;NA;NA;NA;NA;2020-02-13
PA;NA;NA;NA;NA;NA;NA;2020-02-14
PA;NA;NA;NA;NA;NA;NA;2020-02-15
PA;NA;NA;NA;NA;NA;NA;2020-02-16
PA;NA;NA;NA;NA;NA;NA;2020-02-17
PA;NA;NA;NA;NA;NA;NA;2020-02-18
PA;NA;NA;NA;NA;NA;NA;2020-02-19
PA;NA;NA;NA;NA;NA;NA;2020-02-20
PA;NA;NA;NA;NA;NA;NA;2020-02-21
PA;NA;NA;NA;NA;NA;NA;2020-02-22
PA;NA;NA;NA;NA;NA;NA;2020-02-23
PA;NA;NA;NA;NA;NA;NA;2020-02-24
PA;NA;NA;NA;NA;NA;NA;2020-02-25
PA;NA;NA;NA;NA;NA;NA;2020-02-26
PA;NA;NA;NA;NA;NA;NA;2020-02-27
PA;NA;NA;NA;NA;NA;NA;2020-02-28
PA;NA;NA;NA;NA;NA;NA;2020-02-29
PA;NA;NA;NA;NA;NA;NA;2020-03-01
PA;NA;NA;NA;NA;NA;NA;2020-03-02
PA;NA;NA;NA;NA;NA;NA;2020-03-03
PA;NA;NA;NA;NA;NA;NA;2020-03-04
PA;NA;NA;NA;NA;NA;NA;2020-03-05
PA;NA;NA;NA;NA;NA;NA;2020-03-06
PA;NA;NA;NA;NA;NA;NA;2020-03-07
PA;NA;NA;NA;NA;NA;NA;2020-03-08
PA;NA;NA;NA;NA;NA;NA;2020-03-09
PA;NA;NA;NA;NA;NA;NA;2020-03-10
PA;NA;NA;NA;NA;NA;NA;2020-03-11
PA;NA;NA;NA;NA;NA;NA;2020-03-12
PA;NA;NA;NA;NA;NA;NA;2020-03-13
PA;NA;NA;NA;NA;NA;NA;2020-03-14
PA;NA;NA;NA;NA;NA;NA;2020-03-15
PA;NA;NA;NA;NA;NA;NA;2020-03-16
PA;NA;NA;NA;NA;NA;NA;2020-03-17
PA;NA;NA;NA;NA;NA;NA;2020-03-18
PA;1;1;NA;NA;NA;NA;2020-03-19
PA;2;1;NA;NA;NA;NA;2020-03-20
PA;2;NA;NA;NA;NA;NA;2020-03-21
PA;4;2;NA;NA;NA;NA;2020-03-22
PA;5;1;NA;NA;NA;NA;2020-03-23
PA;5;NA;NA;NA;NA;NA;2020-03-24
PA;7;2;NA;NA;NA;NA;2020-03-25
PA;13;6;NA;NA;NA;NA;2020-03-26
PA;13;NA;NA;NA;NA;NA;2020-03-27
PA;17;4;NA;NA;NA;NA;2020-03-28
PA;18;1;NA;NA;NA;NA;2020-03-29
PA;21;3;NA;NA;NA;NA;2020-03-30
PA;32;11;NA;NA;NA;NA;2020-03-31
PA;40;8;1;1;NA;NA;2020-04-01
PA;46;6;1;NA;NA;NA;2020-04-02
PA;50;4;1;NA;NA;NA;2020-04-03
PB;NA;NA;NA;NA;NA;NA;2020-01-30
PB;NA;NA;NA;NA;NA;NA;2020-01-31
PB;NA;NA;NA;NA;NA;NA;2020-02-01
PB;NA;NA;NA;NA;NA;NA;2020-02-02
PB;NA;NA;NA;NA;NA;NA;2020-02-03
PB;NA;NA;NA;NA;NA;NA;2020-02-04
PB;NA;NA;NA;NA;NA;NA;2020-02-05
PB;NA;NA;NA;NA;NA;NA;2020-02-06
PB;NA;NA;NA;NA;NA;NA;2020-02-07
PB;NA;NA;NA;NA;NA;NA;2020-02-08
PB;NA;NA;NA;NA;NA;NA;2020-02-09
PB;NA;NA;NA;NA;NA;NA;2020-02-10
PB;NA;NA;NA;NA;NA;NA;2020-02-11
PB;NA;NA;NA;NA;NA;NA;2020-02-12
PB;NA;NA;NA;NA;NA;NA;2020-02-13
PB;NA;NA;NA;NA;NA;NA;2020-02-14
PB;NA;NA;NA;NA;NA;NA;2020-02-15
PB;NA;NA;NA;NA;NA;NA;2020-02-16
PB;NA;NA;NA;NA;NA;NA;2020-02-17
PB;NA;NA;NA;NA;NA;NA;2020-02-18
PB;NA;NA;NA;NA;NA;NA;2020-02-19
PB;NA;NA;NA;NA;NA;NA;2020-02-20
PB;NA;NA;NA;NA;NA;NA;2020-02-21
PB;NA;NA;NA;NA;NA;NA;2020-02-22
PB;NA;NA;NA;NA;NA;NA;2020-02-23
PB;NA;NA;NA;NA;NA;NA;2020-02-24
PB;NA;NA;NA;NA;NA;NA;2020-02-25
PB;NA;NA;NA;NA;NA;NA;2020-02-26
PB;NA;NA;NA;NA;NA;NA;2020-02-27
PB;NA;NA;NA;NA;NA;NA;2020-02-28
PB;NA;NA;NA;NA;NA;NA;2020-02-29
PB;NA;NA;NA;NA;NA;NA;2020-03-01
PB;NA;NA;NA;NA;NA;NA;2020-03-02
PB;NA;NA;NA;NA;NA;NA;2020-03-03
PB;NA;NA;NA;NA;NA;NA;2020-03-04
PB;NA;NA;NA;NA;NA;NA;2020-03-05
PB;NA;NA;NA;NA;NA;NA;2020-03-06
PB;NA;NA;NA;NA;NA;NA;2020-03-07
PB;NA;NA;NA;NA;NA;NA;2020-03-08
PB;NA;NA;NA;NA;NA;NA;2020-03-09
PB;NA;NA;NA;NA;NA;NA;2020-03-10
PB;NA;NA;NA;NA;NA;NA;2020-03-11
PB;NA;NA;NA;NA;NA;NA;2020-03-12
PB;NA;NA;NA;NA;NA;NA;2020-03-13
PB;NA;NA;NA;NA;NA;NA;2020-03-14
PB;NA;NA;NA;NA;NA;NA;2020-03-15
PB;NA;NA;NA;NA;NA;NA;2020-03-16
PB;NA;NA;NA;NA;NA;NA;2020-03-17
PB;NA;NA;NA;NA;NA;NA;2020-03-18
PB;1;1;NA;NA;NA;NA;2020-03-19
PB;1;NA;NA;NA;NA;NA;2020-03-20
PB;1;NA;NA;NA;NA;NA;2020-03-21
PB;1;NA;NA;NA;NA;NA;2020-03-22
PB;2;1;NA;NA;NA;NA;2020-03-23
PB;3;1;NA;NA;NA;NA;2020-03-24
PB;3;NA;NA;NA;NA;NA;2020-03-25
PB;5;2;NA;NA;NA;NA;2020-03-26
PB;9;4;NA;NA;NA;NA;2020-03-27
PB;14;5;NA;NA;NA;NA;2020-03-28
PB;14;NA;NA;NA;NA;NA;2020-03-29
PB;15;1;NA;NA;NA;NA;2020-03-30
PB;17;2;NA;NA;NA;NA;2020-03-31
PB;20;3;1;1;NA;NA;2020-04-01
PB;21;1;1;NA;NA;NA;2020-04-02
PB;29;8;1;NA;NA;NA;2020-04-03
PE;NA;NA;NA;NA;NA;NA;2020-01-30
PE;NA;NA;NA;NA;NA;NA;2020-01-31
PE;NA;NA;NA;NA;NA;NA;2020-02-01
PE;NA;NA;NA;NA;NA;NA;2020-02-02
PE;NA;NA;NA;NA;NA;NA;2020-02-03
PE;NA;NA;NA;NA;NA;NA;2020-02-04
PE;NA;NA;NA;NA;NA;NA;2020-02-05
PE;NA;NA;NA;NA;NA;NA;2020-02-06
PE;NA;NA;NA;NA;NA;NA;2020-02-07
PE;NA;NA;NA;NA;NA;NA;2020-02-08
PE;NA;NA;NA;NA;NA;NA;2020-02-09
PE;NA;NA;NA;NA;NA;NA;2020-02-10
PE;NA;NA;NA;NA;NA;NA;2020-02-11
PE;NA;NA;NA;NA;NA;NA;2020-02-12
PE;NA;NA;NA;NA;NA;NA;2020-02-13
PE;NA;NA;NA;NA;NA;NA;2020-02-14
PE;NA;NA;NA;NA;NA;NA;2020-02-15
PE;NA;NA;NA;NA;NA;NA;2020-02-16
PE;NA;NA;NA;NA;NA;NA;2020-02-17
PE;NA;NA;NA;NA;NA;NA;2020-02-18
PE;NA;NA;NA;NA;NA;NA;2020-02-19
PE;NA;NA;NA;NA;NA;NA;2020-02-20
PE;NA;NA;NA;NA;NA;NA;2020-02-21
PE;NA;NA;NA;NA;NA;NA;2020-02-22
PE;NA;NA;NA;NA;NA;NA;2020-02-23
PE;NA;NA;NA;NA;NA;NA;2020-02-24
PE;NA;NA;NA;NA;NA;NA;2020-02-25
PE;NA;NA;NA;NA;NA;NA;2020-02-26
PE;NA;NA;NA;NA;NA;NA;2020-02-27
PE;NA;NA;NA;NA;NA;NA;2020-02-28
PE;NA;NA;NA;NA;NA;NA;2020-02-29
PE;NA;NA;NA;NA;NA;NA;2020-03-01
PE;NA;NA;NA;NA;NA;NA;2020-03-02
PE;NA;NA;NA;NA;NA;NA;2020-03-03
PE;NA;NA;NA;NA;NA;NA;2020-03-04
PE;NA;NA;NA;NA;NA;NA;2020-03-05
PE;NA;NA;NA;NA;NA;NA;2020-03-06
PE;NA;NA;NA;NA;NA;NA;2020-03-07
PE;NA;NA;NA;NA;NA;NA;2020-03-08
PE;NA;NA;NA;NA;NA;NA;2020-03-09
PE;NA;NA;NA;NA;NA;NA;2020-03-10
PE;NA;NA;NA;NA;NA;NA;2020-03-11
PE;2;2;NA;NA;NA;NA;2020-03-12
PE;2;NA;NA;NA;NA;NA;2020-03-13
PE;2;NA;NA;NA;NA;NA;2020-03-14
PE;2;NA;NA;NA;NA;NA;2020-03-15
PE;2;NA;NA;NA;NA;NA;2020-03-16
PE;16;14;NA;NA;NA;NA;2020-03-17
PE;16;NA;NA;NA;NA;NA;2020-03-18
PE;28;12;NA;NA;NA;NA;2020-03-19
PE;30;2;NA;NA;NA;NA;2020-03-20
PE;30;NA;NA;NA;NA;NA;2020-03-21
PE;37;7;NA;NA;NA;NA;2020-03-22
PE;42;5;NA;NA;NA;NA;2020-03-23
PE;42;NA;NA;NA;NA;NA;2020-03-24
PE;46;4;1;1;NA;NA;2020-03-25
PE;48;2;3;2;NA;NA;2020-03-26
PE;56;8;4;1;NA;NA;2020-03-27
PE;68;12;5;1;NA;NA;2020-03-28
PE;73;5;5;NA;NA;NA;2020-03-29
PE;78;5;6;1;NA;NA;2020-03-30
PE;87;9;6;NA;NA;NA;2020-03-31
PE;95;8;8;2;NA;NA;2020-04-01
PE;106;11;9;1;NA;NA;2020-04-02
PE;136;30;10;1;NA;NA;2020-04-03
PI;NA;NA;NA;NA;NA;NA;2020-01-30
PI;NA;NA;NA;NA;NA;NA;2020-01-31
PI;NA;NA;NA;NA;NA;NA;2020-02-01
PI;NA;NA;NA;NA;NA;NA;2020-02-02
PI;NA;NA;NA;NA;NA;NA;2020-02-03
PI;NA;NA;NA;NA;NA;NA;2020-02-04
PI;NA;NA;NA;NA;NA;NA;2020-02-05
PI;NA;NA;NA;NA;NA;NA;2020-02-06
PI;NA;NA;NA;NA;NA;NA;2020-02-07
PI;NA;NA;NA;NA;NA;NA;2020-02-08
PI;NA;NA;NA;NA;NA;NA;2020-02-09
PI;NA;NA;NA;NA;NA;NA;2020-02-10
PI;NA;NA;NA;NA;NA;NA;2020-02-11
PI;NA;NA;NA;NA;NA;NA;2020-02-12
PI;NA;NA;NA;NA;NA;NA;2020-02-13
PI;NA;NA;NA;NA;NA;NA;2020-02-14
PI;NA;NA;NA;NA;NA;NA;2020-02-15
PI;NA;NA;NA;NA;NA;NA;2020-02-16
PI;NA;NA;NA;NA;NA;NA;2020-02-17
PI;NA;NA;NA;NA;NA;NA;2020-02-18
PI;NA;NA;NA;NA;NA;NA;2020-02-19
PI;NA;NA;NA;NA;NA;NA;2020-02-20
PI;NA;NA;NA;NA;NA;NA;2020-02-21
PI;NA;NA;NA;NA;NA;NA;2020-02-22
PI;NA;NA;NA;NA;NA;NA;2020-02-23
PI;NA;NA;NA;NA;NA;NA;2020-02-24
PI;NA;NA;NA;NA;NA;NA;2020-02-25
PI;NA;NA;NA;NA;NA;NA;2020-02-26
PI;NA;NA;NA;NA;NA;NA;2020-02-27
PI;NA;NA;NA;NA;NA;NA;2020-02-28
PI;NA;NA;NA;NA;NA;NA;2020-02-29
PI;NA;NA;NA;NA;NA;NA;2020-03-01
PI;NA;NA;NA;NA;NA;NA;2020-03-02
PI;NA;NA;NA;NA;NA;NA;2020-03-03
PI;NA;NA;NA;NA;NA;NA;2020-03-04
PI;NA;NA;NA;NA;NA;NA;2020-03-05
PI;NA;NA;NA;NA;NA;NA;2020-03-06
PI;NA;NA;NA;NA;NA;NA;2020-03-07
PI;NA;NA;NA;NA;NA;NA;2020-03-08
PI;NA;NA;NA;NA;NA;NA;2020-03-09
PI;NA;NA;NA;NA;NA;NA;2020-03-10
PI;NA;NA;NA;NA;NA;NA;2020-03-11
PI;NA;NA;NA;NA;NA;NA;2020-03-12
PI;NA;NA;NA;NA;NA;NA;2020-03-13
PI;NA;NA;NA;NA;NA;NA;2020-03-14
PI;NA;NA;NA;NA;NA;NA;2020-03-15
PI;NA;NA;NA;NA;NA;NA;2020-03-16
PI;NA;NA;NA;NA;NA;NA;2020-03-17
PI;NA;NA;NA;NA;NA;NA;2020-03-18
PI;NA;NA;NA;NA;NA;NA;2020-03-19
PI;3;3;NA;NA;NA;NA;2020-03-20
PI;4;1;NA;NA;NA;NA;2020-03-21
PI;4;NA;NA;NA;NA;NA;2020-03-22
PI;6;2;NA;NA;NA;NA;2020-03-23
PI;6;NA;NA;NA;NA;NA;2020-03-24
PI;8;2;NA;NA;NA;NA;2020-03-25
PI;9;1;NA;NA;NA;NA;2020-03-26
PI;9;NA;NA;NA;NA;NA;2020-03-27
PI;11;2;1;1;NA;NA;2020-03-28
PI;14;3;1;NA;NA;NA;2020-03-29
PI;16;2;3;2;NA;NA;2020-03-30
PI;18;2;4;1;NA;NA;2020-03-31
PI;18;NA;4;NA;NA;NA;2020-04-01
PI;19;1;4;NA;NA;NA;2020-04-02
PI;21;2;4;NA;NA;NA;2020-04-03
PR;NA;NA;NA;NA;NA;NA;2020-01-30
PR;NA;NA;NA;NA;NA;NA;2020-01-31
PR;NA;NA;NA;NA;NA;NA;2020-02-01
PR;NA;NA;NA;NA;NA;NA;2020-02-02
PR;NA;NA;NA;NA;NA;NA;2020-02-03
PR;NA;NA;NA;NA;NA;NA;2020-02-04
PR;NA;NA;NA;NA;NA;NA;2020-02-05
PR;NA;NA;NA;NA;NA;NA;2020-02-06
PR;NA;NA;NA;NA;NA;NA;2020-02-07
PR;NA;NA;NA;NA;NA;NA;2020-02-08
PR;NA;NA;NA;NA;NA;NA;2020-02-09
PR;NA;NA;NA;NA;NA;NA;2020-02-10
PR;NA;NA;NA;NA;NA;NA;2020-02-11
PR;NA;NA;NA;NA;NA;NA;2020-02-12
PR;NA;NA;NA;NA;NA;NA;2020-02-13
PR;NA;NA;NA;NA;NA;NA;2020-02-14
PR;NA;NA;NA;NA;NA;NA;2020-02-15
PR;NA;NA;NA;NA;NA;NA;2020-02-16
PR;NA;NA;NA;NA;NA;NA;2020-02-17
PR;NA;NA;NA;NA;NA;NA;2020-02-18
PR;NA;NA;NA;NA;NA;NA;2020-02-19
PR;NA;NA;NA;NA;NA;NA;2020-02-20
PR;NA;NA;NA;NA;NA;NA;2020-02-21
PR;NA;NA;NA;NA;NA;NA;2020-02-22
PR;NA;NA;NA;NA;NA;NA;2020-02-23
PR;NA;NA;NA;NA;NA;NA;2020-02-24
PR;NA;NA;NA;NA;NA;NA;2020-02-25
PR;NA;NA;NA;NA;NA;NA;2020-02-26
PR;NA;NA;NA;NA;NA;NA;2020-02-27
PR;NA;NA;NA;NA;NA;NA;2020-02-28
PR;NA;NA;NA;NA;NA;NA;2020-02-29
PR;NA;NA;NA;NA;NA;NA;2020-03-01
PR;NA;NA;NA;NA;NA;NA;2020-03-02
PR;NA;NA;NA;NA;NA;NA;2020-03-03
PR;NA;NA;NA;NA;NA;NA;2020-03-04
PR;NA;NA;NA;NA;NA;NA;2020-03-05
PR;NA;NA;NA;NA;NA;NA;2020-03-06
PR;NA;NA;NA;NA;NA;NA;2020-03-07
PR;NA;NA;NA;NA;NA;NA;2020-03-08
PR;NA;NA;NA;NA;NA;NA;2020-03-09
PR;NA;NA;NA;NA;NA;NA;2020-03-10
PR;NA;NA;NA;NA;NA;NA;2020-03-11
PR;6;6;NA;NA;NA;NA;2020-03-12
PR;6;NA;NA;NA;NA;NA;2020-03-13
PR;6;NA;NA;NA;NA;NA;2020-03-14
PR;6;NA;NA;NA;NA;NA;2020-03-15
PR;6;NA;NA;NA;NA;NA;2020-03-16
PR;6;NA;NA;NA;NA;NA;2020-03-17
PR;13;7;NA;NA;NA;NA;2020-03-18
PR;23;10;NA;NA;NA;NA;2020-03-19
PR;32;9;NA;NA;NA;NA;2020-03-20
PR;43;11;NA;NA;NA;NA;2020-03-21
PR;50;7;NA;NA;NA;NA;2020-03-22
PR;56;6;NA;NA;NA;NA;2020-03-23
PR;65;9;NA;NA;NA;NA;2020-03-24
PR;81;16;NA;NA;NA;NA;2020-03-25
PR;102;21;NA;NA;NA;NA;2020-03-26
PR;119;17;2;2;NA;NA;2020-03-27
PR;133;14;2;NA;NA;NA;2020-03-28
PR;148;15;2;NA;NA;NA;2020-03-29
PR;155;7;3;1;NA;NA;2020-03-30
PR;179;24;3;NA;NA;NA;2020-03-31
PR;224;45;3;NA;NA;NA;2020-04-01
PR;252;28;4;1;NA;NA;2020-04-02
PR;301;49;4;NA;NA;NA;2020-04-03
RJ;NA;NA;NA;NA;NA;NA;2020-01-30
RJ;NA;NA;NA;NA;NA;NA;2020-01-31
RJ;NA;NA;NA;NA;NA;NA;2020-02-01
RJ;NA;NA;NA;NA;NA;NA;2020-02-02
RJ;NA;NA;NA;NA;NA;NA;2020-02-03
RJ;NA;NA;NA;NA;NA;NA;2020-02-04
RJ;NA;NA;NA;NA;NA;NA;2020-02-05
RJ;NA;NA;NA;NA;NA;NA;2020-02-06
RJ;NA;NA;NA;NA;NA;NA;2020-02-07
RJ;NA;NA;NA;NA;NA;NA;2020-02-08
RJ;NA;NA;NA;NA;NA;NA;2020-02-09
RJ;NA;NA;NA;NA;NA;NA;2020-02-10
RJ;NA;NA;NA;NA;NA;NA;2020-02-11
RJ;NA;NA;NA;NA;NA;NA;2020-02-12
RJ;NA;NA;NA;NA;NA;NA;2020-02-13
RJ;NA;NA;NA;NA;NA;NA;2020-02-14
RJ;NA;NA;NA;NA;NA;NA;2020-02-15
RJ;NA;NA;NA;NA;NA;NA;2020-02-16
RJ;NA;NA;NA;NA;NA;NA;2020-02-17
RJ;NA;NA;NA;NA;NA;NA;2020-02-18
RJ;NA;NA;NA;NA;NA;NA;2020-02-19
RJ;NA;NA;NA;NA;NA;NA;2020-02-20
RJ;NA;NA;NA;NA;NA;NA;2020-02-21
RJ;NA;NA;NA;NA;NA;NA;2020-02-22
RJ;NA;NA;NA;NA;NA;NA;2020-02-23
RJ;NA;NA;NA;NA;NA;NA;2020-02-24
RJ;NA;NA;NA;NA;NA;NA;2020-02-25
RJ;NA;NA;NA;NA;NA;NA;2020-02-26
RJ;NA;NA;NA;NA;NA;NA;2020-02-27
RJ;NA;NA;NA;NA;NA;NA;2020-02-28
RJ;NA;NA;NA;NA;NA;NA;2020-02-29
RJ;NA;NA;NA;NA;NA;NA;2020-03-01
RJ;NA;NA;NA;NA;NA;NA;2020-03-02
RJ;NA;NA;NA;NA;NA;NA;2020-03-03
RJ;NA;NA;NA;NA;NA;NA;2020-03-04
RJ;1;1;NA;NA;NA;NA;2020-03-05
RJ;1;NA;NA;NA;NA;NA;2020-03-06
RJ;2;1;NA;NA;NA;NA;2020-03-07
RJ;3;1;NA;NA;NA;NA;2020-03-08
RJ;3;NA;NA;NA;NA;NA;2020-03-09
RJ;8;5;NA;NA;NA;NA;2020-03-10
RJ;13;5;NA;NA;NA;NA;2020-03-11
RJ;16;3;NA;NA;NA;NA;2020-03-12
RJ;16;NA;NA;NA;NA;NA;2020-03-13
RJ;22;6;NA;NA;NA;NA;2020-03-14
RJ;24;2;NA;NA;NA;NA;2020-03-15
RJ;31;7;NA;NA;NA;NA;2020-03-16
RJ;33;2;NA;NA;NA;NA;2020-03-17
RJ;45;12;NA;NA;NA;NA;2020-03-18
RJ;65;20;2;2;NA;NA;2020-03-19
RJ;109;44;2;NA;NA;NA;2020-03-20
RJ;119;10;3;1;NA;NA;2020-03-21
RJ;186;67;3;NA;NA;NA;2020-03-22
RJ;233;47;4;1;NA;NA;2020-03-23
RJ;305;72;6;2;NA;NA;2020-03-24
RJ;370;65;6;NA;NA;NA;2020-03-25
RJ;421;51;9;3;NA;NA;2020-03-26
RJ;493;72;10;1;NA;NA;2020-03-27
RJ;558;65;13;3;NA;NA;2020-03-28
RJ;600;42;17;4;NA;NA;2020-03-29
RJ;657;57;18;1;NA;NA;2020-03-30
RJ;708;51;23;5;NA;NA;2020-03-31
RJ;832;124;28;5;NA;NA;2020-04-01
RJ;992;160;41;13;NA;NA;2020-04-02
RJ;1074;82;47;6;NA;NA;2020-04-03
RN;NA;NA;NA;NA;NA;NA;2020-01-30
RN;NA;NA;NA;NA;NA;NA;2020-01-31
RN;NA;NA;NA;NA;NA;NA;2020-02-01
RN;NA;NA;NA;NA;NA;NA;2020-02-02
RN;NA;NA;NA;NA;NA;NA;2020-02-03
RN;NA;NA;NA;NA;NA;NA;2020-02-04
RN;NA;NA;NA;NA;NA;NA;2020-02-05
RN;NA;NA;NA;NA;NA;NA;2020-02-06
RN;NA;NA;NA;NA;NA;NA;2020-02-07
RN;NA;NA;NA;NA;NA;NA;2020-02-08
RN;NA;NA;NA;NA;NA;NA;2020-02-09
RN;NA;NA;NA;NA;NA;NA;2020-02-10
RN;NA;NA;NA;NA;NA;NA;2020-02-11
RN;NA;NA;NA;NA;NA;NA;2020-02-12
RN;NA;NA;NA;NA;NA;NA;2020-02-13
RN;NA;NA;NA;NA;NA;NA;2020-02-14
RN;NA;NA;NA;NA;NA;NA;2020-02-15
RN;NA;NA;NA;NA;NA;NA;2020-02-16
RN;NA;NA;NA;NA;NA;NA;2020-02-17
RN;NA;NA;NA;NA;NA;NA;2020-02-18
RN;NA;NA;NA;NA;NA;NA;2020-02-19
RN;NA;NA;NA;NA;NA;NA;2020-02-20
RN;NA;NA;NA;NA;NA;NA;2020-02-21
RN;NA;NA;NA;NA;NA;NA;2020-02-22
RN;NA;NA;NA;NA;NA;NA;2020-02-23
RN;NA;NA;NA;NA;NA;NA;2020-02-24
RN;NA;NA;NA;NA;NA;NA;2020-02-25
RN;NA;NA;NA;NA;NA;NA;2020-02-26
RN;NA;NA;NA;NA;NA;NA;2020-02-27
RN;NA;NA;NA;NA;NA;NA;2020-02-28
RN;NA;NA;NA;NA;NA;NA;2020-02-29
RN;NA;NA;NA;NA;NA;NA;2020-03-01
RN;NA;NA;NA;NA;NA;NA;2020-03-02
RN;NA;NA;NA;NA;NA;NA;2020-03-03
RN;NA;NA;NA;NA;NA;NA;2020-03-04
RN;NA;NA;NA;NA;NA;NA;2020-03-05
RN;NA;NA;NA;NA;NA;NA;2020-03-06
RN;NA;NA;NA;NA;NA;NA;2020-03-07
RN;NA;NA;NA;NA;NA;NA;2020-03-08
RN;NA;NA;NA;NA;NA;NA;2020-03-09
RN;NA;NA;NA;NA;NA;NA;2020-03-10
RN;NA;NA;NA;NA;NA;NA;2020-03-11
RN;NA;NA;NA;NA;NA;NA;2020-03-12
RN;1;1;NA;NA;NA;NA;2020-03-13
RN;1;NA;NA;NA;NA;NA;2020-03-14
RN;1;NA;NA;NA;NA;NA;2020-03-15
RN;1;NA;NA;NA;NA;NA;2020-03-16
RN;1;NA;NA;NA;NA;NA;2020-03-17
RN;1;NA;NA;NA;NA;NA;2020-03-18
RN;1;NA;NA;NA;NA;NA;2020-03-19
RN;1;NA;NA;NA;NA;NA;2020-03-20
RN;6;5;NA;NA;NA;NA;2020-03-21
RN;9;3;NA;NA;NA;NA;2020-03-22
RN;13;4;NA;NA;NA;NA;2020-03-23
RN;13;NA;NA;NA;NA;NA;2020-03-24
RN;14;1;NA;NA;NA;NA;2020-03-25
RN;19;5;NA;NA;NA;NA;2020-03-26
RN;28;9;NA;NA;NA;NA;2020-03-27
RN;45;17;NA;NA;NA;NA;2020-03-28
RN;68;23;1;1;NA;NA;2020-03-29
RN;77;9;1;NA;NA;NA;2020-03-30
RN;82;5;1;NA;NA;NA;2020-03-31
RN;92;10;2;1;NA;NA;2020-04-01
RN;105;13;2;NA;NA;NA;2020-04-02
RN;176;71;4;2;NA;NA;2020-04-03
RO;NA;NA;NA;NA;NA;NA;2020-01-30
RO;NA;NA;NA;NA;NA;NA;2020-01-31
RO;NA;NA;NA;NA;NA;NA;2020-02-01
RO;NA;NA;NA;NA;NA;NA;2020-02-02
RO;NA;NA;NA;NA;NA;NA;2020-02-03
RO;NA;NA;NA;NA;NA;NA;2020-02-04
RO;NA;NA;NA;NA;NA;NA;2020-02-05
RO;NA;NA;NA;NA;NA;NA;2020-02-06
RO;NA;NA;NA;NA;NA;NA;2020-02-07
RO;NA;NA;NA;NA;NA;NA;2020-02-08
RO;NA;NA;NA;NA;NA;NA;2020-02-09
RO;NA;NA;NA;NA;NA;NA;2020-02-10
RO;NA;NA;NA;NA;NA;NA;2020-02-11
RO;NA;NA;NA;NA;NA;NA;2020-02-12
RO;NA;NA;NA;NA;NA;NA;2020-02-13
RO;NA;NA;NA;NA;NA;NA;2020-02-14
RO;NA;NA;NA;NA;NA;NA;2020-02-15
RO;NA;NA;NA;NA;NA;NA;2020-02-16
RO;NA;NA;NA;NA;NA;NA;2020-02-17
RO;NA;NA;NA;NA;NA;NA;2020-02-18
RO;NA;NA;NA;NA;NA;NA;2020-02-19
RO;NA;NA;NA;NA;NA;NA;2020-02-20
RO;NA;NA;NA;NA;NA;NA;2020-02-21
RO;NA;NA;NA;NA;NA;NA;2020-02-22
RO;NA;NA;NA;NA;NA;NA;2020-02-23
RO;NA;NA;NA;NA;NA;NA;2020-02-24
RO;NA;NA;NA;NA;NA;NA;2020-02-25
RO;NA;NA;NA;NA;NA;NA;2020-02-26
RO;NA;NA;NA;NA;NA;NA;2020-02-27
RO;NA;NA;NA;NA;NA;NA;2020-02-28
RO;NA;NA;NA;NA;NA;NA;2020-02-29
RO;NA;NA;NA;NA;NA;NA;2020-03-01
RO;NA;NA;NA;NA;NA;NA;2020-03-02
RO;NA;NA;NA;NA;NA;NA;2020-03-03
RO;NA;NA;NA;NA;NA;NA;2020-03-04
RO;NA;NA;NA;NA;NA;NA;2020-03-05
RO;NA;NA;NA;NA;NA;NA;2020-03-06
RO;NA;NA;NA;NA;NA;NA;2020-03-07
RO;NA;NA;NA;NA;NA;NA;2020-03-08
RO;NA;NA;NA;NA;NA;NA;2020-03-09
RO;NA;NA;NA;NA;NA;NA;2020-03-10
RO;NA;NA;NA;NA;NA;NA;2020-03-11
RO;NA;NA;NA;NA;NA;NA;2020-03-12
RO;NA;NA;NA;NA;NA;NA;2020-03-13
RO;NA;NA;NA;NA;NA;NA;2020-03-14
RO;NA;NA;NA;NA;NA;NA;2020-03-15
RO;NA;NA;NA;NA;NA;NA;2020-03-16
RO;NA;NA;NA;NA;NA;NA;2020-03-17
RO;NA;NA;NA;NA;NA;NA;2020-03-18
RO;NA;NA;NA;NA;NA;NA;2020-03-19
RO;1;1;NA;NA;NA;NA;2020-03-20
RO;1;NA;NA;NA;NA;NA;2020-03-21
RO;3;2;NA;NA;NA;NA;2020-03-22
RO;3;NA;NA;NA;NA;NA;2020-03-23
RO;3;NA;NA;NA;NA;NA;2020-03-24
RO;5;2;NA;NA;NA;NA;2020-03-25
RO;5;NA;NA;NA;NA;NA;2020-03-26
RO;6;1;NA;NA;NA;NA;2020-03-27
RO;6;NA;NA;NA;NA;NA;2020-03-28
RO;6;NA;NA;NA;NA;NA;2020-03-29
RO;6;NA;NA;NA;NA;NA;2020-03-30
RO;8;2;1;1;NA;NA;2020-03-31
RO;9;1;1;NA;NA;NA;2020-04-01
RO;10;1;1;NA;NA;NA;2020-04-02
RO;10;NA;1;NA;NA;NA;2020-04-03
RR;NA;NA;NA;NA;NA;NA;2020-01-30
RR;NA;NA;NA;NA;NA;NA;2020-01-31
RR;NA;NA;NA;NA;NA;NA;2020-02-01
RR;NA;NA;NA;NA;NA;NA;2020-02-02
RR;NA;NA;NA;NA;NA;NA;2020-02-03
RR;NA;NA;NA;NA;NA;NA;2020-02-04
RR;NA;NA;NA;NA;NA;NA;2020-02-05
RR;NA;NA;NA;NA;NA;NA;2020-02-06
RR;NA;NA;NA;NA;NA;NA;2020-02-07
RR;NA;NA;NA;NA;NA;NA;2020-02-08
RR;NA;NA;NA;NA;NA;NA;2020-02-09
RR;NA;NA;NA;NA;NA;NA;2020-02-10
RR;NA;NA;NA;NA;NA;NA;2020-02-11
RR;NA;NA;NA;NA;NA;NA;2020-02-12
RR;NA;NA;NA;NA;NA;NA;2020-02-13
RR;NA;NA;NA;NA;NA;NA;2020-02-14
RR;NA;NA;NA;NA;NA;NA;2020-02-15
RR;NA;NA;NA;NA;NA;NA;2020-02-16
RR;NA;NA;NA;NA;NA;NA;2020-02-17
RR;NA;NA;NA;NA;NA;NA;2020-02-18
RR;NA;NA;NA;NA;NA;NA;2020-02-19
RR;NA;NA;NA;NA;NA;NA;2020-02-20
RR;NA;NA;NA;NA;NA;NA;2020-02-21
RR;NA;NA;NA;NA;NA;NA;2020-02-22
RR;NA;NA;NA;NA;NA;NA;2020-02-23
RR;NA;NA;NA;NA;NA;NA;2020-02-24
RR;NA;NA;NA;NA;NA;NA;2020-02-25
RR;NA;NA;NA;NA;NA;NA;2020-02-26
RR;NA;NA;NA;NA;NA;NA;2020-02-27
RR;NA;NA;NA;NA;NA;NA;2020-02-28
RR;NA;NA;NA;NA;NA;NA;2020-02-29
RR;NA;NA;NA;NA;NA;NA;2020-03-01
RR;NA;NA;NA;NA;NA;NA;2020-03-02
RR;NA;NA;NA;NA;NA;NA;2020-03-03
RR;NA;NA;NA;NA;NA;NA;2020-03-04
RR;NA;NA;NA;NA;NA;NA;2020-03-05
RR;NA;NA;NA;NA;NA;NA;2020-03-06
RR;NA;NA;NA;NA;NA;NA;2020-03-07
RR;NA;NA;NA;NA;NA;NA;2020-03-08
RR;NA;NA;NA;NA;NA;NA;2020-03-09
RR;NA;NA;NA;NA;NA;NA;2020-03-10
RR;NA;NA;NA;NA;NA;NA;2020-03-11
RR;NA;NA;NA;NA;NA;NA;2020-03-12
RR;NA;NA;NA;NA;NA;NA;2020-03-13
RR;NA;NA;NA;NA;NA;NA;2020-03-14
RR;NA;NA;NA;NA;NA;NA;2020-03-15
RR;NA;NA;NA;NA;NA;NA;2020-03-16
RR;NA;NA;NA;NA;NA;NA;2020-03-17
RR;NA;NA;NA;NA;NA;NA;2020-03-18
RR;NA;NA;NA;NA;NA;NA;2020-03-19
RR;NA;NA;NA;NA;NA;NA;2020-03-20
RR;NA;NA;NA;NA;NA;NA;2020-03-21
RR;2;2;NA;NA;NA;NA;2020-03-22
RR;2;NA;NA;NA;NA;NA;2020-03-23
RR;2;NA;NA;NA;NA;NA;2020-03-24
RR;8;6;NA;NA;NA;NA;2020-03-25
RR;8;NA;NA;NA;NA;NA;2020-03-26
RR;10;2;NA;NA;NA;NA;2020-03-27
RR;12;2;NA;NA;NA;NA;2020-03-28
RR;16;4;NA;NA;NA;NA;2020-03-29
RR;16;NA;NA;NA;NA;NA;2020-03-30
RR;16;NA;NA;NA;NA;NA;2020-03-31
RR;22;6;NA;NA;NA;NA;2020-04-01
RR;26;4;NA;NA;NA;NA;2020-04-02
RR;30;4;NA;NA;NA;NA;2020-04-03
RS;NA;NA;NA;NA;NA;NA;2020-01-30
RS;NA;NA;NA;NA;NA;NA;2020-01-31
RS;NA;NA;NA;NA;NA;NA;2020-02-01
RS;NA;NA;NA;NA;NA;NA;2020-02-02
RS;NA;NA;NA;NA;NA;NA;2020-02-03
RS;NA;NA;NA;NA;NA;NA;2020-02-04
RS;NA;NA;NA;NA;NA;NA;2020-02-05
RS;NA;NA;NA;NA;NA;NA;2020-02-06
RS;NA;NA;NA;NA;NA;NA;2020-02-07
RS;NA;NA;NA;NA;NA;NA;2020-02-08
RS;NA;NA;NA;NA;NA;NA;2020-02-09
RS;NA;NA;NA;NA;NA;NA;2020-02-10
RS;NA;NA;NA;NA;NA;NA;2020-02-11
RS;NA;NA;NA;NA;NA;NA;2020-02-12
RS;NA;NA;NA;NA;NA;NA;2020-02-13
RS;NA;NA;NA;NA;NA;NA;2020-02-14
RS;NA;NA;NA;NA;NA;NA;2020-02-15
RS;NA;NA;NA;NA;NA;NA;2020-02-16
RS;NA;NA;NA;NA;NA;NA;2020-02-17
RS;NA;NA;NA;NA;NA;NA;2020-02-18
RS;NA;NA;NA;NA;NA;NA;2020-02-19
RS;NA;NA;NA;NA;NA;NA;2020-02-20
RS;NA;NA;NA;NA;NA;NA;2020-02-21
RS;NA;NA;NA;NA;NA;NA;2020-02-22
RS;NA;NA;NA;NA;NA;NA;2020-02-23
RS;NA;NA;NA;NA;NA;NA;2020-02-24
RS;NA;NA;NA;NA;NA;NA;2020-02-25
RS;NA;NA;NA;NA;NA;NA;2020-02-26
RS;NA;NA;NA;NA;NA;NA;2020-02-27
RS;NA;NA;NA;NA;NA;NA;2020-02-28
RS;NA;NA;NA;NA;NA;NA;2020-02-29
RS;NA;NA;NA;NA;NA;NA;2020-03-01
RS;NA;NA;NA;NA;NA;NA;2020-03-02
RS;NA;NA;NA;NA;NA;NA;2020-03-03
RS;NA;NA;NA;NA;NA;NA;2020-03-04
RS;NA;NA;NA;NA;NA;NA;2020-03-05
RS;NA;NA;NA;NA;NA;NA;2020-03-06
RS;NA;NA;NA;NA;NA;NA;2020-03-07
RS;NA;NA;NA;NA;NA;NA;2020-03-08
RS;NA;NA;NA;NA;NA;NA;2020-03-09
RS;1;1;NA;NA;NA;NA;2020-03-10
RS;2;1;NA;NA;NA;NA;2020-03-11
RS;4;2;NA;NA;NA;NA;2020-03-12
RS;4;NA;NA;NA;NA;NA;2020-03-13
RS;6;2;NA;NA;NA;NA;2020-03-14
RS;6;NA;NA;NA;NA;NA;2020-03-15
RS;6;NA;NA;NA;NA;NA;2020-03-16
RS;10;4;NA;NA;NA;NA;2020-03-17
RS;19;9;NA;NA;NA;NA;2020-03-18
RS;28;9;NA;NA;NA;NA;2020-03-19
RS;37;9;NA;NA;NA;NA;2020-03-20
RS;60;23;NA;NA;NA;NA;2020-03-21
RS;72;12;NA;NA;NA;NA;2020-03-22
RS;86;14;NA;NA;NA;NA;2020-03-23
RS;98;12;NA;NA;NA;NA;2020-03-24
RS;123;25;1;1;NA;NA;2020-03-25
RS;168;45;1;NA;NA;NA;2020-03-26
RS;195;27;2;1;NA;NA;2020-03-27
RS;197;2;2;NA;NA;NA;2020-03-28
RS;226;29;2;NA;NA;NA;2020-03-29
RS;241;15;3;1;NA;NA;2020-03-30
RS;274;33;4;1;NA;NA;2020-03-31
RS;306;32;4;NA;NA;NA;2020-04-01
RS;334;28;5;1;NA;NA;2020-04-02
RS;396;62;5;NA;NA;NA;2020-04-03
SC;NA;NA;NA;NA;NA;NA;2020-01-30
SC;NA;NA;NA;NA;NA;NA;2020-01-31
SC;NA;NA;NA;NA;NA;NA;2020-02-01
SC;NA;NA;NA;NA;NA;NA;2020-02-02
SC;NA;NA;NA;NA;NA;NA;2020-02-03
SC;NA;NA;NA;NA;NA;NA;2020-02-04
SC;NA;NA;NA;NA;NA;NA;2020-02-05
SC;NA;NA;NA;NA;NA;NA;2020-02-06
SC;NA;NA;NA;NA;NA;NA;2020-02-07
SC;NA;NA;NA;NA;NA;NA;2020-02-08
SC;NA;NA;NA;NA;NA;NA;2020-02-09
SC;NA;NA;NA;NA;NA;NA;2020-02-10
SC;NA;NA;NA;NA;NA;NA;2020-02-11
SC;NA;NA;NA;NA;NA;NA;2020-02-12
SC;NA;NA;NA;NA;NA;NA;2020-02-13
SC;NA;NA;NA;NA;NA;NA;2020-02-14
SC;NA;NA;NA;NA;NA;NA;2020-02-15
SC;NA;NA;NA;NA;NA;NA;2020-02-16
SC;NA;NA;NA;NA;NA;NA;2020-02-17
SC;NA;NA;NA;NA;NA;NA;2020-02-18
SC;NA;NA;NA;NA;NA;NA;2020-02-19
SC;NA;NA;NA;NA;NA;NA;2020-02-20
SC;NA;NA;NA;NA;NA;NA;2020-02-21
SC;NA;NA;NA;NA;NA;NA;2020-02-22
SC;NA;NA;NA;NA;NA;NA;2020-02-23
SC;NA;NA;NA;NA;NA;NA;2020-02-24
SC;NA;NA;NA;NA;NA;NA;2020-02-25
SC;NA;NA;NA;NA;NA;NA;2020-02-26
SC;NA;NA;NA;NA;NA;NA;2020-02-27
SC;NA;NA;NA;NA;NA;NA;2020-02-28
SC;NA;NA;NA;NA;NA;NA;2020-02-29
SC;NA;NA;NA;NA;NA;NA;2020-03-01
SC;NA;NA;NA;NA;NA;NA;2020-03-02
SC;NA;NA;NA;NA;NA;NA;2020-03-03
SC;NA;NA;NA;NA;NA;NA;2020-03-04
SC;NA;NA;NA;NA;NA;NA;2020-03-05
SC;NA;NA;NA;NA;NA;NA;2020-03-06
SC;NA;NA;NA;NA;NA;NA;2020-03-07
SC;NA;NA;NA;NA;NA;NA;2020-03-08
SC;NA;NA;NA;NA;NA;NA;2020-03-09
SC;NA;NA;NA;NA;NA;NA;2020-03-10
SC;NA;NA;NA;NA;NA;NA;2020-03-11
SC;NA;NA;NA;NA;NA;NA;2020-03-12
SC;2;2;NA;NA;NA;NA;2020-03-13
SC;4;2;NA;NA;NA;NA;2020-03-14
SC;6;2;NA;NA;NA;NA;2020-03-15
SC;7;1;NA;NA;NA;NA;2020-03-16
SC;7;NA;NA;NA;NA;NA;2020-03-17
SC;10;3;NA;NA;NA;NA;2020-03-18
SC;20;10;NA;NA;NA;NA;2020-03-19
SC;21;1;NA;NA;NA;NA;2020-03-20
SC;51;30;NA;NA;NA;NA;2020-03-21
SC;57;6;NA;NA;NA;NA;2020-03-22
SC;68;11;NA;NA;NA;NA;2020-03-23
SC;107;39;NA;NA;NA;NA;2020-03-24
SC;109;2;NA;NA;NA;NA;2020-03-25
SC;122;13;1;1;NA;NA;2020-03-26
SC;149;27;1;NA;NA;NA;2020-03-27
SC;184;35;1;NA;NA;NA;2020-03-28
SC;194;10;1;NA;NA;NA;2020-03-29
SC;197;3;1;NA;NA;NA;2020-03-30
SC;219;22;2;1;NA;NA;2020-03-31
SC;235;16;2;NA;NA;NA;2020-04-01
SC;247;12;2;NA;NA;NA;2020-04-02
SC;281;34;5;3;NA;NA;2020-04-03
SE;NA;NA;NA;NA;NA;NA;2020-01-30
SE;NA;NA;NA;NA;NA;NA;2020-01-31
SE;NA;NA;NA;NA;NA;NA;2020-02-01
SE;NA;NA;NA;NA;NA;NA;2020-02-02
SE;NA;NA;NA;NA;NA;NA;2020-02-03
SE;NA;NA;NA;NA;NA;NA;2020-02-04
SE;NA;NA;NA;NA;NA;NA;2020-02-05
SE;NA;NA;NA;NA;NA;NA;2020-02-06
SE;NA;NA;NA;NA;NA;NA;2020-02-07
SE;NA;NA;NA;NA;NA;NA;2020-02-08
SE;NA;NA;NA;NA;NA;NA;2020-02-09
SE;NA;NA;NA;NA;NA;NA;2020-02-10
SE;NA;NA;NA;NA;NA;NA;2020-02-11
SE;NA;NA;NA;NA;NA;NA;2020-02-12
SE;NA;NA;NA;NA;NA;NA;2020-02-13
SE;NA;NA;NA;NA;NA;NA;2020-02-14
SE;NA;NA;NA;NA;NA;NA;2020-02-15
SE;NA;NA;NA;NA;NA;NA;2020-02-16
SE;NA;NA;NA;NA;NA;NA;2020-02-17
SE;NA;NA;NA;NA;NA;NA;2020-02-18
SE;NA;NA;NA;NA;NA;NA;2020-02-19
SE;NA;NA;NA;NA;NA;NA;2020-02-20
SE;NA;NA;NA;NA;NA;NA;2020-02-21
SE;NA;NA;NA;NA;NA;NA;2020-02-22
SE;NA;NA;NA;NA;NA;NA;2020-02-23
SE;NA;NA;NA;NA;NA;NA;2020-02-24
SE;NA;NA;NA;NA;NA;NA;2020-02-25
SE;NA;NA;NA;NA;NA;NA;2020-02-26
SE;NA;NA;NA;NA;NA;NA;2020-02-27
SE;NA;NA;NA;NA;NA;NA;2020-02-28
SE;NA;NA;NA;NA;NA;NA;2020-02-29
SE;NA;NA;NA;NA;NA;NA;2020-03-01
SE;NA;NA;NA;NA;NA;NA;2020-03-02
SE;NA;NA;NA;NA;NA;NA;2020-03-03
SE;NA;NA;NA;NA;NA;NA;2020-03-04
SE;NA;NA;NA;NA;NA;NA;2020-03-05
SE;NA;NA;NA;NA;NA;NA;2020-03-06
SE;NA;NA;NA;NA;NA;NA;2020-03-07
SE;NA;NA;NA;NA;NA;NA;2020-03-08
SE;NA;NA;NA;NA;NA;NA;2020-03-09
SE;NA;NA;NA;NA;NA;NA;2020-03-10
SE;NA;NA;NA;NA;NA;NA;2020-03-11
SE;NA;NA;NA;NA;NA;NA;2020-03-12
SE;NA;NA;NA;NA;NA;NA;2020-03-13
SE;NA;NA;NA;NA;NA;NA;2020-03-14
SE;1;1;NA;NA;NA;NA;2020-03-15
SE;1;NA;NA;NA;NA;NA;2020-03-16
SE;4;3;NA;NA;NA;NA;2020-03-17
SE;5;1;NA;NA;NA;NA;2020-03-18
SE;6;1;NA;NA;NA;NA;2020-03-19
SE;6;NA;NA;NA;NA;NA;2020-03-20
SE;10;4;NA;NA;NA;NA;2020-03-21
SE;10;NA;NA;NA;NA;NA;2020-03-22
SE;10;NA;NA;NA;NA;NA;2020-03-23
SE;15;5;NA;NA;NA;NA;2020-03-24
SE;16;1;NA;NA;NA;NA;2020-03-25
SE;16;NA;NA;NA;NA;NA;2020-03-26
SE;16;NA;NA;NA;NA;NA;2020-03-27
SE;16;NA;NA;NA;NA;NA;2020-03-28
SE;16;NA;NA;NA;NA;NA;2020-03-29
SE;16;NA;NA;NA;NA;NA;2020-03-30
SE;19;3;NA;NA;NA;NA;2020-03-31
SE;20;1;NA;NA;NA;NA;2020-04-01
SE;23;3;2;2;NA;NA;2020-04-02
SE;25;2;2;NA;NA;NA;2020-04-03
SP;NA;NA;NA;NA;NA;NA;2020-01-30
SP;NA;NA;NA;NA;NA;NA;2020-01-31
SP;NA;NA;NA;NA;NA;NA;2020-02-01
SP;NA;NA;NA;NA;NA;NA;2020-02-02
SP;NA;NA;NA;NA;NA;NA;2020-02-03
SP;NA;NA;NA;NA;NA;NA;2020-02-04
SP;NA;NA;NA;NA;NA;NA;2020-02-05
SP;NA;NA;NA;NA;NA;NA;2020-02-06
SP;NA;NA;NA;NA;NA;NA;2020-02-07
SP;NA;NA;NA;NA;NA;NA;2020-02-08
SP;NA;NA;NA;NA;NA;NA;2020-02-09
SP;NA;NA;NA;NA;NA;NA;2020-02-10
SP;NA;NA;NA;NA;NA;NA;2020-02-11
SP;NA;NA;NA;NA;NA;NA;2020-02-12
SP;NA;NA;NA;NA;NA;NA;2020-02-13
SP;NA;NA;NA;NA;NA;NA;2020-02-14
SP;NA;NA;NA;NA;NA;NA;2020-02-15
SP;NA;NA;NA;NA;NA;NA;2020-02-16
SP;NA;NA;NA;NA;NA;NA;2020-02-17
SP;NA;NA;NA;NA;NA;NA;2020-02-18
SP;NA;NA;NA;NA;NA;NA;2020-02-19
SP;NA;NA;NA;NA;NA;NA;2020-02-20
SP;NA;NA;NA;NA;NA;NA;2020-02-21
SP;NA;NA;NA;NA;NA;NA;2020-02-22
SP;NA;NA;NA;NA;NA;NA;2020-02-23
SP;NA;NA;NA;NA;NA;NA;2020-02-24
SP;NA;NA;NA;NA;NA;NA;2020-02-25
SP;1;1;NA;NA;NA;NA;2020-02-26
SP;1;NA;NA;NA;NA;NA;2020-02-27
SP;1;NA;NA;NA;NA;NA;2020-02-28
SP;2;1;NA;NA;NA;NA;2020-02-29
SP;2;NA;NA;NA;NA;NA;2020-03-01
SP;2;NA;NA;NA;NA;NA;2020-03-02
SP;2;NA;NA;NA;NA;NA;2020-03-03
SP;3;1;NA;NA;NA;NA;2020-03-04
SP;6;3;NA;NA;NA;NA;2020-03-05
SP;10;4;NA;NA;NA;NA;2020-03-06
SP;13;3;NA;NA;NA;NA;2020-03-07
SP;16;3;NA;NA;NA;NA;2020-03-08
SP;16;NA;NA;NA;NA;NA;2020-03-09
SP;19;3;NA;NA;NA;NA;2020-03-10
SP;30;11;NA;NA;NA;NA;2020-03-11
SP;42;12;NA;NA;NA;NA;2020-03-12
SP;56;14;NA;NA;NA;NA;2020-03-13
SP;65;9;NA;NA;NA;NA;2020-03-14
SP;136;71;NA;NA;NA;NA;2020-03-15
SP;152;16;NA;NA;NA;NA;2020-03-16
SP;164;12;1;1;NA;NA;2020-03-17
SP;240;76;4;3;NA;NA;2020-03-18
SP;286;46;4;NA;NA;NA;2020-03-19
SP;396;110;9;5;NA;NA;2020-03-20
SP;459;63;15;6;NA;NA;2020-03-21
SP;631;172;22;7;NA;NA;2020-03-22
SP;745;114;30;8;NA;NA;2020-03-23
SP;810;65;40;10;NA;NA;2020-03-24
SP;862;52;48;8;NA;NA;2020-03-25
SP;1052;190;58;10;NA;NA;2020-03-26
SP;1223;171;68;10;NA;NA;2020-03-27
SP;1406;183;84;16;NA;NA;2020-03-28
SP;1451;45;98;14;NA;NA;2020-03-29
SP;1517;66;113;15;NA;NA;2020-03-30
SP;2339;822;136;23;NA;NA;2020-03-31
SP;2981;642;164;28;NA;NA;2020-04-01
SP;3506;525;188;24;NA;NA;2020-04-02
SP;4048;542;219;31;NA;NA;2020-04-03
TO;NA;NA;NA;NA;NA;NA;2020-01-30
TO;NA;NA;NA;NA;NA;NA;2020-01-31
TO;NA;NA;NA;NA;NA;NA;2020-02-01
TO;NA;NA;NA;NA;NA;NA;2020-02-02
TO;NA;NA;NA;NA;NA;NA;2020-02-03
TO;NA;NA;NA;NA;NA;NA;2020-02-04
TO;NA;NA;NA;NA;NA;NA;2020-02-05
TO;NA;NA;NA;NA;NA;NA;2020-02-06
TO;NA;NA;NA;NA;NA;NA;2020-02-07
TO;NA;NA;NA;NA;NA;NA;2020-02-08
TO;NA;NA;NA;NA;NA;NA;2020-02-09
TO;NA;NA;NA;NA;NA;NA;2020-02-10
TO;NA;NA;NA;NA;NA;NA;2020-02-11
TO;NA;NA;NA;NA;NA;NA;2020-02-12
TO;NA;NA;NA;NA;NA;NA;2020-02-13
TO;NA;NA;NA;NA;NA;NA;2020-02-14
TO;NA;NA;NA;NA;NA;NA;2020-02-15
TO;NA;NA;NA;NA;NA;NA;2020-02-16
TO;NA;NA;NA;NA;NA;NA;2020-02-17
TO;NA;NA;NA;NA;NA;NA;2020-02-18
TO;NA;NA;NA;NA;NA;NA;2020-02-19
TO;NA;NA;NA;NA;NA;NA;2020-02-20
TO;NA;NA;NA;NA;NA;NA;2020-02-21
TO;NA;NA;NA;NA;NA;NA;2020-02-22
TO;NA;NA;NA;NA;NA;NA;2020-02-23
TO;NA;NA;NA;NA;NA;NA;2020-02-24
TO;NA;NA;NA;NA;NA;NA;2020-02-25
TO;NA;NA;NA;NA;NA;NA;2020-02-26
TO;NA;NA;NA;NA;NA;NA;2020-02-27
TO;NA;NA;NA;NA;NA;NA;2020-02-28
TO;NA;NA;NA;NA;NA;NA;2020-02-29
TO;NA;NA;NA;NA;NA;NA;2020-03-01
TO;NA;NA;NA;NA;NA;NA;2020-03-02
TO;NA;NA;NA;NA;NA;NA;2020-03-03
TO;NA;NA;NA;NA;NA;NA;2020-03-04
TO;NA;NA;NA;NA;NA;NA;2020-03-05
TO;NA;NA;NA;NA;NA;NA;2020-03-06
TO;NA;NA;NA;NA;NA;NA;2020-03-07
TO;NA;NA;NA;NA;NA;NA;2020-03-08
TO;NA;NA;NA;NA;NA;NA;2020-03-09
TO;NA;NA;NA;NA;NA;NA;2020-03-10
TO;NA;NA;NA;NA;NA;NA;2020-03-11
TO;NA;NA;NA;NA;NA;NA;2020-03-12
TO;NA;NA;NA;NA;NA;NA;2020-03-13
TO;NA;NA;NA;NA;NA;NA;2020-03-14
TO;NA;NA;NA;NA;NA;NA;2020-03-15
TO;NA;NA;NA;NA;NA;NA;2020-03-16
TO;NA;NA;NA;NA;NA;NA;2020-03-17
TO;NA;NA;NA;NA;NA;NA;2020-03-18
TO;1;1;NA;NA;NA;NA;2020-03-19
TO;1;NA;NA;NA;NA;NA;2020-03-20
TO;2;1;NA;NA;NA;NA;2020-03-21
TO;2;NA;NA;NA;NA;NA;2020-03-22
TO;5;3;NA;NA;NA;NA;2020-03-23
TO;7;2;NA;NA;NA;NA;2020-03-24
TO;7;NA;NA;NA;NA;NA;2020-03-25
TO;7;NA;NA;NA;NA;NA;2020-03-26
TO;8;1;NA;NA;NA;NA;2020-03-27
TO;9;1;NA;NA;NA;NA;2020-03-28
TO;9;NA;NA;NA;NA;NA;2020-03-29
TO;10;1;NA;NA;NA;NA;2020-03-30
TO;11;1;NA;NA;NA;NA;2020-03-31
TO;12;1;NA;NA;NA;NA;2020-04-01
TO;12;NA;NA;NA;NA;NA;2020-04-02
TO;12;NA;NA;NA;NA;NA;2020-04-03
